[0.000000] (-) TimerEvent: {}
[0.000491] (turtlebot3_fake_node) JobQueued: {'identifier': 'turtlebot3_fake_node', 'dependencies': OrderedDict()}
[0.002576] (turtlebot3_gazebo) JobQueued: {'identifier': 'turtlebot3_gazebo', 'dependencies': OrderedDict()}
[0.003198] (turtlebot_dqn) JobQueued: {'identifier': 'turtlebot_dqn', 'dependencies': OrderedDict()}
[0.003349] (turtlebot3_simulations) JobQueued: {'identifier': 'turtlebot3_simulations', 'dependencies': OrderedDict([('turtlebot3_fake_node', '/home/asad/turtlebot0/install/turtlebot3_fake_node'), ('turtlebot3_gazebo', '/home/asad/turtlebot0/install/turtlebot3_gazebo')])}
[0.003436] (turtlebot3_fake_node) JobStarted: {'identifier': 'turtlebot3_fake_node'}
[0.029676] (turtlebot3_gazebo) JobStarted: {'identifier': 'turtlebot3_gazebo'}
[0.043142] (turtlebot_dqn) JobStarted: {'identifier': 'turtlebot_dqn'}
[0.072271] (turtlebot3_fake_node) JobProgress: {'identifier': 'turtlebot3_fake_node', 'progress': 'cmake'}
[0.075416] (turtlebot3_fake_node) JobProgress: {'identifier': 'turtlebot3_fake_node', 'progress': 'build'}
[0.079341] (turtlebot3_fake_node) Command: {'cmd': ['/usr/bin/cmake', '--build', '/home/asad/turtlebot0/build/turtlebot3_fake_node', '--', '-j4', '-l4'], 'cwd': '/home/asad/turtlebot0/build/turtlebot3_fake_node', 'env': OrderedDict([('LESSOPEN', '| /usr/bin/lesspipe %s'), ('USER', 'asad'), ('LC_TIME', 'ur_PK'), ('XDG_SESSION_TYPE', 'wayland'), ('SHLVL', '1'), ('LD_LIBRARY_PATH', '/usr/lib/x86_64-linux-gnu/gazebo-11/plugins:/opt/ros/humble/opt/rviz_ogre_vendor/lib:/opt/ros/humble/lib/x86_64-linux-gnu:/opt/ros/humble/lib:/usr/lib/x86_64-linux-gnu/gazebo-11/plugins::/usr/lib/x86_64-linux-gnu/gazebo-11/plugins:/usr/lib/x86_64-linux-gnu/gazebo-11/plugins:'), ('HOME', '/home/asad'), ('OLDPWD', '/home/asad'), ('DESKTOP_SESSION', 'ubuntu'), ('GAZEBO_MASTER_URI', 'http://localhost:11345'), ('ROS_PYTHON_VERSION', '3'), ('GNOME_SHELL_SESSION_MODE', 'ubuntu'), ('GTK_MODULES', 'gail:atk-bridge'), ('LC_MONETARY', 'ur_PK'), ('SYSTEMD_EXEC_PID', '7112'), ('DBUS_SESSION_BUS_ADDRESS', 'unix:path=/run/user/1000/bus'), ('COLORTERM', 'truecolor'), ('IM_CONFIG_PHASE', '1'), ('WAYLAND_DISPLAY', 'wayland-0'), ('COLCON_PREFIX_PATH', '/home/asad/turtlebot0/install'), ('ROS_DISTRO', 'humble'), ('LOGNAME', 'asad'), ('_', '/usr/bin/colcon'), ('ROS_VERSION', '2'), ('XDG_SESSION_CLASS', 'user'), ('USERNAME', 'asad'), ('TERM', 'xterm-256color'), ('GAZEBO_MODEL_PATH', '/usr/share/gazebo-11/models:/usr/share/gazebo-11/models:'), ('GNOME_DESKTOP_SESSION_ID', 'this-is-deprecated'), ('ROS_LOCALHOST_ONLY', '0'), ('OGRE_RESOURCE_PATH', '/usr/lib/x86_64-linux-gnu/OGRE-1.9.0'), ('PATH', '/opt/ros/humble/bin:/home/asad/.local/bin:/usr/local/sbin:/usr/local/bin:/usr/sbin:/usr/bin:/sbin:/bin:/usr/games:/usr/local/games:/snap/bin:/snap/bin'), ('SESSION_MANAGER', 'local/asad-7G-Series:@/tmp/.ICE-unix/1375,unix/asad-7G-Series:/tmp/.ICE-unix/1375'), ('XDG_MENU_PREFIX', 'gnome-'), ('LC_ADDRESS', 'ur_PK'), ('GNOME_TERMINAL_SCREEN', '/org/gnome/Terminal/screen/77e9e29f_050e_41c6_98d6_fbaabbc9cb12'), ('GNOME_SETUP_DISPLAY', ':1'), ('XDG_RUNTIME_DIR', '/run/user/1000'), ('DISPLAY', ':0'), ('LANG', 'en_US.UTF-8'), ('XDG_CURRENT_DESKTOP', 'ubuntu:GNOME'), ('LC_TELEPHONE', 'ur_PK'), ('XMODIFIERS', '@im=ibus'), ('XDG_SESSION_DESKTOP', 'ubuntu'), ('XAUTHORITY', '/run/user/1000/.mutter-Xwaylandauth.7R9U52'), ('LS_COLORS', 'rs=0:di=01;34:ln=01;36:mh=00:pi=40;33:so=01;35:do=01;35:bd=40;33;01:cd=40;33;01:or=40;31;01:mi=00:su=37;41:sg=30;43:ca=30;41:tw=30;42:ow=34;42:st=37;44:ex=01;32:*.tar=01;31:*.tgz=01;31:*.arc=01;31:*.arj=01;31:*.taz=01;31:*.lha=01;31:*.lz4=01;31:*.lzh=01;31:*.lzma=01;31:*.tlz=01;31:*.txz=01;31:*.tzo=01;31:*.t7z=01;31:*.zip=01;31:*.z=01;31:*.dz=01;31:*.gz=01;31:*.lrz=01;31:*.lz=01;31:*.lzo=01;31:*.xz=01;31:*.zst=01;31:*.tzst=01;31:*.bz2=01;31:*.bz=01;31:*.tbz=01;31:*.tbz2=01;31:*.tz=01;31:*.deb=01;31:*.rpm=01;31:*.jar=01;31:*.war=01;31:*.ear=01;31:*.sar=01;31:*.rar=01;31:*.alz=01;31:*.ace=01;31:*.zoo=01;31:*.cpio=01;31:*.7z=01;31:*.rz=01;31:*.cab=01;31:*.wim=01;31:*.swm=01;31:*.dwm=01;31:*.esd=01;31:*.jpg=01;35:*.jpeg=01;35:*.mjpg=01;35:*.mjpeg=01;35:*.gif=01;35:*.bmp=01;35:*.pbm=01;35:*.pgm=01;35:*.ppm=01;35:*.tga=01;35:*.xbm=01;35:*.xpm=01;35:*.tif=01;35:*.tiff=01;35:*.png=01;35:*.svg=01;35:*.svgz=01;35:*.mng=01;35:*.pcx=01;35:*.mov=01;35:*.mpg=01;35:*.mpeg=01;35:*.m2v=01;35:*.mkv=01;35:*.webm=01;35:*.webp=01;35:*.ogm=01;35:*.mp4=01;35:*.m4v=01;35:*.mp4v=01;35:*.vob=01;35:*.qt=01;35:*.nuv=01;35:*.wmv=01;35:*.asf=01;35:*.rm=01;35:*.rmvb=01;35:*.flc=01;35:*.avi=01;35:*.fli=01;35:*.flv=01;35:*.gl=01;35:*.dl=01;35:*.xcf=01;35:*.xwd=01;35:*.yuv=01;35:*.cgm=01;35:*.emf=01;35:*.ogv=01;35:*.ogx=01;35:*.aac=00;36:*.au=00;36:*.flac=00;36:*.m4a=00;36:*.mid=00;36:*.midi=00;36:*.mka=00;36:*.mp3=00;36:*.mpc=00;36:*.ogg=00;36:*.ra=00;36:*.wav=00;36:*.oga=00;36:*.opus=00;36:*.spx=00;36:*.xspf=00;36:'), ('GNOME_TERMINAL_SERVICE', ':1.140'), ('SSH_AGENT_LAUNCHER', 'gnome-keyring'), ('SSH_AUTH_SOCK', '/run/user/1000/keyring/ssh'), ('AMENT_PREFIX_PATH', '/home/asad/turtlebot0/install/turtlebot_dqn:/home/asad/turtlebot0/install/turtlebot3_simulations:/home/asad/turtlebot0/install/turtlebot3_gazebo:/home/asad/turtlebot0/install/turtlebot3_fake_node:/opt/ros/humble'), ('SHELL', '/bin/bash'), ('LC_NAME', 'ur_PK'), ('QT_ACCESSIBILITY', '1'), ('GDMSESSION', 'ubuntu'), ('LESSCLOSE', '/usr/bin/lesspipe %s %s'), ('LC_MEASUREMENT', 'ur_PK'), ('GAZEBO_RESOURCE_PATH', '/usr/share/gazebo-11:/usr/share/gazebo-11:'), ('LC_IDENTIFICATION', 'ur_PK'), ('GAZEBO_MODEL_DATABASE_URI', 'http://models.gazebosim.org'), ('QT_IM_MODULE', 'ibus'), ('PWD', '/home/asad/turtlebot0/build/turtlebot3_fake_node'), ('TURTLEBOT3_MODEL', 'burger'), ('LC_ALL', 'en_US.UTF-8'), ('XDG_CONFIG_DIRS', '/etc/xdg/xdg-ubuntu:/etc/xdg'), ('GAZEBO_PLUGIN_PATH', '/usr/lib/x86_64-linux-gnu/gazebo-11/plugins:/usr/lib/x86_64-linux-gnu/gazebo-11/plugins:'), ('XDG_DATA_DIRS', '/usr/share/ubuntu:/usr/local/share/:/usr/share/:/var/lib/snapd/desktop'), ('PYTHONPATH', '/home/asad/turtlebot0/install/turtlebot_dqn/lib/python3.10/site-packages:/opt/ros/humble/lib/python3.10/site-packages:/opt/ros/humble/local/lib/python3.10/dist-packages'), ('LC_NUMERIC', 'ur_PK'), ('LC_PAPER', 'ur_PK'), ('COLCON', '1'), ('VTE_VERSION', '6800'), ('CMAKE_PREFIX_PATH', '/home/asad/turtlebot0/install/turtlebot3_simulations:/home/asad/turtlebot0/install/turtlebot3_gazebo:/home/asad/turtlebot0/install/turtlebot3_fake_node:/home/asad/turtlebot0/install/turtlebot_dqn:/opt/ros/humble')]), 'shell': False}
[0.087965] (turtlebot3_gazebo) JobProgress: {'identifier': 'turtlebot3_gazebo', 'progress': 'cmake'}
[0.093319] (turtlebot3_gazebo) JobProgress: {'identifier': 'turtlebot3_gazebo', 'progress': 'build'}
[0.093566] (turtlebot3_gazebo) Command: {'cmd': ['/usr/bin/cmake', '--build', '/home/asad/turtlebot0/build/turtlebot3_gazebo', '--', '-j4', '-l4'], 'cwd': '/home/asad/turtlebot0/build/turtlebot3_gazebo', 'env': OrderedDict([('LESSOPEN', '| /usr/bin/lesspipe %s'), ('USER', 'asad'), ('LC_TIME', 'ur_PK'), ('XDG_SESSION_TYPE', 'wayland'), ('SHLVL', '1'), ('LD_LIBRARY_PATH', '/usr/lib/x86_64-linux-gnu/gazebo-11/plugins:/opt/ros/humble/opt/rviz_ogre_vendor/lib:/opt/ros/humble/lib/x86_64-linux-gnu:/opt/ros/humble/lib:/usr/lib/x86_64-linux-gnu/gazebo-11/plugins::/usr/lib/x86_64-linux-gnu/gazebo-11/plugins:/usr/lib/x86_64-linux-gnu/gazebo-11/plugins:'), ('HOME', '/home/asad'), ('OLDPWD', '/home/asad'), ('DESKTOP_SESSION', 'ubuntu'), ('GAZEBO_MASTER_URI', 'http://localhost:11345'), ('ROS_PYTHON_VERSION', '3'), ('GNOME_SHELL_SESSION_MODE', 'ubuntu'), ('GTK_MODULES', 'gail:atk-bridge'), ('LC_MONETARY', 'ur_PK'), ('SYSTEMD_EXEC_PID', '7112'), ('DBUS_SESSION_BUS_ADDRESS', 'unix:path=/run/user/1000/bus'), ('COLORTERM', 'truecolor'), ('IM_CONFIG_PHASE', '1'), ('WAYLAND_DISPLAY', 'wayland-0'), ('COLCON_PREFIX_PATH', '/home/asad/turtlebot0/install'), ('ROS_DISTRO', 'humble'), ('LOGNAME', 'asad'), ('_', '/usr/bin/colcon'), ('ROS_VERSION', '2'), ('XDG_SESSION_CLASS', 'user'), ('USERNAME', 'asad'), ('TERM', 'xterm-256color'), ('GAZEBO_MODEL_PATH', '/usr/share/gazebo-11/models:/usr/share/gazebo-11/models:'), ('GNOME_DESKTOP_SESSION_ID', 'this-is-deprecated'), ('ROS_LOCALHOST_ONLY', '0'), ('OGRE_RESOURCE_PATH', '/usr/lib/x86_64-linux-gnu/OGRE-1.9.0'), ('PATH', '/opt/ros/humble/bin:/home/asad/.local/bin:/usr/local/sbin:/usr/local/bin:/usr/sbin:/usr/bin:/sbin:/bin:/usr/games:/usr/local/games:/snap/bin:/snap/bin'), ('SESSION_MANAGER', 'local/asad-7G-Series:@/tmp/.ICE-unix/1375,unix/asad-7G-Series:/tmp/.ICE-unix/1375'), ('XDG_MENU_PREFIX', 'gnome-'), ('LC_ADDRESS', 'ur_PK'), ('GNOME_TERMINAL_SCREEN', '/org/gnome/Terminal/screen/77e9e29f_050e_41c6_98d6_fbaabbc9cb12'), ('GNOME_SETUP_DISPLAY', ':1'), ('XDG_RUNTIME_DIR', '/run/user/1000'), ('DISPLAY', ':0'), ('LANG', 'en_US.UTF-8'), ('XDG_CURRENT_DESKTOP', 'ubuntu:GNOME'), ('LC_TELEPHONE', 'ur_PK'), ('XMODIFIERS', '@im=ibus'), ('XDG_SESSION_DESKTOP', 'ubuntu'), ('XAUTHORITY', '/run/user/1000/.mutter-Xwaylandauth.7R9U52'), ('LS_COLORS', 'rs=0:di=01;34:ln=01;36:mh=00:pi=40;33:so=01;35:do=01;35:bd=40;33;01:cd=40;33;01:or=40;31;01:mi=00:su=37;41:sg=30;43:ca=30;41:tw=30;42:ow=34;42:st=37;44:ex=01;32:*.tar=01;31:*.tgz=01;31:*.arc=01;31:*.arj=01;31:*.taz=01;31:*.lha=01;31:*.lz4=01;31:*.lzh=01;31:*.lzma=01;31:*.tlz=01;31:*.txz=01;31:*.tzo=01;31:*.t7z=01;31:*.zip=01;31:*.z=01;31:*.dz=01;31:*.gz=01;31:*.lrz=01;31:*.lz=01;31:*.lzo=01;31:*.xz=01;31:*.zst=01;31:*.tzst=01;31:*.bz2=01;31:*.bz=01;31:*.tbz=01;31:*.tbz2=01;31:*.tz=01;31:*.deb=01;31:*.rpm=01;31:*.jar=01;31:*.war=01;31:*.ear=01;31:*.sar=01;31:*.rar=01;31:*.alz=01;31:*.ace=01;31:*.zoo=01;31:*.cpio=01;31:*.7z=01;31:*.rz=01;31:*.cab=01;31:*.wim=01;31:*.swm=01;31:*.dwm=01;31:*.esd=01;31:*.jpg=01;35:*.jpeg=01;35:*.mjpg=01;35:*.mjpeg=01;35:*.gif=01;35:*.bmp=01;35:*.pbm=01;35:*.pgm=01;35:*.ppm=01;35:*.tga=01;35:*.xbm=01;35:*.xpm=01;35:*.tif=01;35:*.tiff=01;35:*.png=01;35:*.svg=01;35:*.svgz=01;35:*.mng=01;35:*.pcx=01;35:*.mov=01;35:*.mpg=01;35:*.mpeg=01;35:*.m2v=01;35:*.mkv=01;35:*.webm=01;35:*.webp=01;35:*.ogm=01;35:*.mp4=01;35:*.m4v=01;35:*.mp4v=01;35:*.vob=01;35:*.qt=01;35:*.nuv=01;35:*.wmv=01;35:*.asf=01;35:*.rm=01;35:*.rmvb=01;35:*.flc=01;35:*.avi=01;35:*.fli=01;35:*.flv=01;35:*.gl=01;35:*.dl=01;35:*.xcf=01;35:*.xwd=01;35:*.yuv=01;35:*.cgm=01;35:*.emf=01;35:*.ogv=01;35:*.ogx=01;35:*.aac=00;36:*.au=00;36:*.flac=00;36:*.m4a=00;36:*.mid=00;36:*.midi=00;36:*.mka=00;36:*.mp3=00;36:*.mpc=00;36:*.ogg=00;36:*.ra=00;36:*.wav=00;36:*.oga=00;36:*.opus=00;36:*.spx=00;36:*.xspf=00;36:'), ('GNOME_TERMINAL_SERVICE', ':1.140'), ('SSH_AGENT_LAUNCHER', 'gnome-keyring'), ('SSH_AUTH_SOCK', '/run/user/1000/keyring/ssh'), ('AMENT_PREFIX_PATH', '/home/asad/turtlebot0/install/turtlebot_dqn:/home/asad/turtlebot0/install/turtlebot3_simulations:/home/asad/turtlebot0/install/turtlebot3_gazebo:/home/asad/turtlebot0/install/turtlebot3_fake_node:/opt/ros/humble'), ('SHELL', '/bin/bash'), ('LC_NAME', 'ur_PK'), ('QT_ACCESSIBILITY', '1'), ('GDMSESSION', 'ubuntu'), ('LESSCLOSE', '/usr/bin/lesspipe %s %s'), ('LC_MEASUREMENT', 'ur_PK'), ('GAZEBO_RESOURCE_PATH', '/usr/share/gazebo-11:/usr/share/gazebo-11:'), ('LC_IDENTIFICATION', 'ur_PK'), ('GAZEBO_MODEL_DATABASE_URI', 'http://models.gazebosim.org'), ('QT_IM_MODULE', 'ibus'), ('PWD', '/home/asad/turtlebot0/build/turtlebot3_gazebo'), ('TURTLEBOT3_MODEL', 'burger'), ('LC_ALL', 'en_US.UTF-8'), ('XDG_CONFIG_DIRS', '/etc/xdg/xdg-ubuntu:/etc/xdg'), ('GAZEBO_PLUGIN_PATH', '/usr/lib/x86_64-linux-gnu/gazebo-11/plugins:/usr/lib/x86_64-linux-gnu/gazebo-11/plugins:'), ('XDG_DATA_DIRS', '/usr/share/ubuntu:/usr/local/share/:/usr/share/:/var/lib/snapd/desktop'), ('PYTHONPATH', '/home/asad/turtlebot0/install/turtlebot_dqn/lib/python3.10/site-packages:/opt/ros/humble/lib/python3.10/site-packages:/opt/ros/humble/local/lib/python3.10/dist-packages'), ('LC_NUMERIC', 'ur_PK'), ('LC_PAPER', 'ur_PK'), ('COLCON', '1'), ('VTE_VERSION', '6800'), ('CMAKE_PREFIX_PATH', '/home/asad/turtlebot0/install/turtlebot3_simulations:/home/asad/turtlebot0/install/turtlebot3_gazebo:/home/asad/turtlebot0/install/turtlebot3_fake_node:/home/asad/turtlebot0/install/turtlebot_dqn:/opt/ros/humble')]), 'shell': False}
[0.107038] (-) TimerEvent: {}
[0.210371] (-) TimerEvent: {}
[0.249939] (turtlebot3_fake_node) StdoutLine: {'line': b'-- Found ament_cmake: 1.3.11 (/opt/ros/humble/share/ament_cmake/cmake)\n'}
[0.263213] (turtlebot3_gazebo) StdoutLine: {'line': b'-- Found ament_cmake: 1.3.11 (/opt/ros/humble/share/ament_cmake/cmake)\n'}
[0.312237] (-) TimerEvent: {}
[0.417833] (-) TimerEvent: {}
[0.522425] (-) TimerEvent: {}
[0.623713] (-) TimerEvent: {}
[0.725025] (-) TimerEvent: {}
[0.833257] (-) TimerEvent: {}
[0.855324] (turtlebot3_gazebo) StdoutLine: {'line': b'-- Override CMake install command with custom implementation using symlinks instead of copying resources\n'}
[0.935281] (-) TimerEvent: {}
[0.938213] (turtlebot3_gazebo) StderrLine: {'line': b'\x1b[33mCMake Warning (dev) at /usr/share/cmake-3.22/Modules/FindPackageHandleStandardArgs.cmake:438 (message):\n'}
[0.941802] (turtlebot3_gazebo) StderrLine: {'line': b'  The package name passed to `find_package_handle_standard_args` (PkgConfig)\n'}
[0.946626] (turtlebot3_gazebo) StderrLine: {'line': b'  does not match the name of the calling package (gazebo).  This can lead to\n'}
[0.947241] (turtlebot3_gazebo) StderrLine: {'line': b'  problems in calling code that expects `find_package` result variables\n'}
[0.947500] (turtlebot3_gazebo) StderrLine: {'line': b'  (e.g., `_FOUND`) to follow a certain pattern.\n'}
[0.947803] (turtlebot3_gazebo) StderrLine: {'line': b'Call Stack (most recent call first):\n'}
[0.948060] (turtlebot3_gazebo) StderrLine: {'line': b'  /usr/share/cmake-3.22/Modules/FindPkgConfig.cmake:99 (find_package_handle_standard_args)\n'}
[0.948339] (turtlebot3_gazebo) StderrLine: {'line': b'  /usr/lib/x86_64-linux-gnu/cmake/gazebo/gazebo-config.cmake:72 (include)\n'}
[0.948572] (turtlebot3_gazebo) StderrLine: {'line': b'  CMakeLists.txt:23 (find_package)\n'}
[0.948839] (turtlebot3_gazebo) StderrLine: {'line': b'This warning is for project developers.  Use -Wno-dev to suppress it.\n'}
[0.949092] (turtlebot3_gazebo) StderrLine: {'line': b'\x1b[0m\n'}
[0.949338] (turtlebot3_fake_node) StdoutLine: {'line': b'-- Override CMake install command with custom implementation using symlinks instead of copying resources\n'}
[1.005177] (turtlebot3_fake_node) StdoutLine: {'line': b'-- Found geometry_msgs: 4.2.4 (/opt/ros/humble/share/geometry_msgs/cmake)\n'}
[1.036709] (-) TimerEvent: {}
[1.112429] (turtlebot3_gazebo) StdoutLine: {'line': b'-- Found DART: /usr/include (Required is at least version "6.6") found components: dart \n'}
[1.136834] (-) TimerEvent: {}
[1.200735] (turtlebot3_fake_node) StdoutLine: {'line': b'-- Found rosidl_generator_c: 3.1.6 (/opt/ros/humble/share/rosidl_generator_c/cmake)\n'}
[1.223030] (turtlebot3_fake_node) StdoutLine: {'line': b'-- Found rosidl_adapter: 3.1.6 (/opt/ros/humble/share/rosidl_adapter/cmake)\n'}
[1.237994] (-) TimerEvent: {}
[1.280870] (turtlebot3_fake_node) StdoutLine: {'line': b'-- Found rosidl_generator_cpp: 3.1.6 (/opt/ros/humble/share/rosidl_generator_cpp/cmake)\n'}
[1.313791] (turtlebot3_gazebo) StdoutLine: {'line': b'-- Found Protobuf: /usr/lib/x86_64-linux-gnu/libprotobuf.so (found version "3.12.4") \n'}
[1.326566] (turtlebot3_gazebo) StdoutLine: {'line': b'-- Looking for ignition-math6 -- found version 6.15.1\n'}
[1.340488] (-) TimerEvent: {}
[1.352878] (turtlebot3_fake_node) StdoutLine: {'line': b'-- Using all available rosidl_typesupport_c: rosidl_typesupport_fastrtps_c;rosidl_typesupport_introspection_c\n'}
[1.361898] (turtlebot3_gazebo) StdoutLine: {'line': b'-- Searching for dependencies of ignition-math6\n'}
[1.375766] (turtlebot3_gazebo) StdoutLine: {'line': b'-- Looking for OGRE...\n'}
[1.395933] (turtlebot3_gazebo) StdoutLine: {'line': b'-- Found Ogre Ghadamon (1.9.0)\n'}
[1.398367] (turtlebot3_gazebo) StdoutLine: {'line': b'-- Found OGRE: optimized;/usr/lib/x86_64-linux-gnu/libOgreMain.so;debug;/usr/lib/x86_64-linux-gnu/libOgreMain.so\n'}
[1.438100] (turtlebot3_gazebo) StdoutLine: {'line': b'-- Looking for OGRE_Paging...\n'}
[1.440656] (-) TimerEvent: {}
[1.443472] (turtlebot3_gazebo) StdoutLine: {'line': b'-- Found OGRE_Paging: optimized;/usr/lib/x86_64-linux-gnu/libOgrePaging.so;debug;/usr/lib/x86_64-linux-gnu/libOgrePaging.so\n'}
[1.443925] (turtlebot3_gazebo) StdoutLine: {'line': b'-- Looking for OGRE_Terrain...\n'}
[1.444206] (turtlebot3_gazebo) StdoutLine: {'line': b'-- Found OGRE_Terrain: optimized;/usr/lib/x86_64-linux-gnu/libOgreTerrain.so;debug;/usr/lib/x86_64-linux-gnu/libOgreTerrain.so\n'}
[1.444473] (turtlebot3_gazebo) StdoutLine: {'line': b'-- Looking for OGRE_Property...\n'}
[1.451743] (turtlebot3_gazebo) StdoutLine: {'line': b'-- Found OGRE_Property: optimized;/usr/lib/x86_64-linux-gnu/libOgreProperty.so;debug;/usr/lib/x86_64-linux-gnu/libOgreProperty.so\n'}
[1.452333] (turtlebot3_gazebo) StdoutLine: {'line': b'-- Looking for OGRE_RTShaderSystem...\n'}
[1.452616] (turtlebot3_gazebo) StdoutLine: {'line': b'-- Found OGRE_RTShaderSystem: optimized;/usr/lib/x86_64-linux-gnu/libOgreRTShaderSystem.so;debug;/usr/lib/x86_64-linux-gnu/libOgreRTShaderSystem.so\n'}
[1.452876] (turtlebot3_gazebo) StdoutLine: {'line': b'-- Looking for OGRE_Volume...\n'}
[1.453098] (turtlebot3_gazebo) StdoutLine: {'line': b'-- Found OGRE_Volume: optimized;/usr/lib/x86_64-linux-gnu/libOgreVolume.so;debug;/usr/lib/x86_64-linux-gnu/libOgreVolume.so\n'}
[1.453316] (turtlebot3_gazebo) StdoutLine: {'line': b'-- Looking for OGRE_Overlay...\n'}
[1.457969] (turtlebot3_gazebo) StdoutLine: {'line': b'-- Found OGRE_Overlay: optimized;/usr/lib/x86_64-linux-gnu/libOgreOverlay.so;debug;/usr/lib/x86_64-linux-gnu/libOgreOverlay.so\n'}
[1.458602] (turtlebot3_fake_node) StdoutLine: {'line': b'-- Using all available rosidl_typesupport_cpp: rosidl_typesupport_fastrtps_cpp;rosidl_typesupport_introspection_cpp\n'}
[1.540965] (-) TimerEvent: {}
[1.643224] (-) TimerEvent: {}
[1.744978] (-) TimerEvent: {}
[1.758712] (turtlebot3_fake_node) StdoutLine: {'line': b'-- Found nav_msgs: 4.2.4 (/opt/ros/humble/share/nav_msgs/cmake)\n'}
[1.845119] (-) TimerEvent: {}
[1.875767] (turtlebot3_fake_node) StdoutLine: {'line': b'-- Found rclcpp: 16.0.11 (/opt/ros/humble/share/rclcpp/cmake)\n'}
[1.946136] (-) TimerEvent: {}
[2.050390] (-) TimerEvent: {}
[2.094680] (turtlebot3_fake_node) StdoutLine: {'line': b'-- Found rmw_implementation_cmake: 6.1.2 (/opt/ros/humble/share/rmw_implementation_cmake/cmake)\n'}
[2.103616] (turtlebot3_fake_node) StdoutLine: {'line': b'-- Found rmw_fastrtps_cpp: 6.2.7 (/opt/ros/humble/share/rmw_fastrtps_cpp/cmake)\n'}
[2.110749] (turtlebot3_gazebo) StdoutLine: {'line': b'-- Looking for ignition-math6 -- found version 6.15.1\n'}
[2.113865] (turtlebot3_gazebo) StdoutLine: {'line': b'-- Looking for ignition-transport8 -- found version 8.2.1\n'}
[2.120838] (turtlebot3_gazebo) StdoutLine: {'line': b'-- Searching for dependencies of ignition-transport8\n'}
[2.150546] (-) TimerEvent: {}
[2.184112] (turtlebot3_gazebo) StdoutLine: {'line': b'-- Found Protobuf: /usr/lib/x86_64-linux-gnu/libprotobuf.so (found suitable version "3.12.4", minimum required is "3") \n'}
[2.224144] (turtlebot3_gazebo) StdoutLine: {'line': b'-- Config-file not installed for ZeroMQ -- checking for pkg-config\n'}
[2.243505] (turtlebot3_gazebo) StdoutLine: {'line': b"-- Checking for module 'libzmq >= 4'\n"}
[2.253728] (-) TimerEvent: {}
[2.324713] (turtlebot3_gazebo) StdoutLine: {'line': b'--   Found libzmq , version 4.3.4\n'}
[2.354038] (-) TimerEvent: {}
[2.455618] (-) TimerEvent: {}
[2.539185] (turtlebot3_gazebo) StdoutLine: {'line': b"-- Checking for module 'uuid'\n"}
[2.557619] (-) TimerEvent: {}
[2.611747] (turtlebot3_gazebo) StdoutLine: {'line': b'--   Found uuid, version 2.37.2\n'}
[2.658193] (-) TimerEvent: {}
[2.660430] (turtlebot3_fake_node) StdoutLine: {'line': b"-- Using RMW implementation 'rmw_fastrtps_cpp' as default\n"}
[2.745623] (turtlebot3_gazebo) StdoutLine: {'line': b'-- Looking for ignition-msgs5 -- found version 5.8.1\n'}
[2.751722] (turtlebot3_gazebo) StdoutLine: {'line': b'-- Searching for dependencies of ignition-msgs5\n'}
[2.758322] (-) TimerEvent: {}
[2.825101] (turtlebot3_gazebo) StdoutLine: {'line': b'-- Looking for ignition-math6 -- found version 6.15.1\n'}
[2.846746] (turtlebot3_gazebo) StdoutLine: {'line': b"-- Checking for module 'tinyxml2'\n"}
[2.858449] (-) TimerEvent: {}
[2.907795] (turtlebot3_gazebo) StdoutLine: {'line': b'--   Found tinyxml2, version 9.0.0\n'}
[2.958763] (-) TimerEvent: {}
[3.004450] (turtlebot3_fake_node) StdoutLine: {'line': b'-- Found sensor_msgs: 4.2.4 (/opt/ros/humble/share/sensor_msgs/cmake)\n'}
[3.048214] (turtlebot3_gazebo) StdoutLine: {'line': b'-- Looking for ignition-msgs5 -- found version 5.8.1\n'}
[3.054174] (turtlebot3_gazebo) StdoutLine: {'line': b'-- Looking for ignition-common3 -- found version 3.14.0\n'}
[3.057884] (turtlebot3_gazebo) StdoutLine: {'line': b'-- Searching for dependencies of ignition-common3\n'}
[3.059678] (-) TimerEvent: {}
[3.061784] (turtlebot3_gazebo) StdoutLine: {'line': b'-- Looking for dlfcn.h - found\n'}
[3.062187] (turtlebot3_gazebo) StdoutLine: {'line': b'-- Looking for libdl - found\n'}
[3.104469] (turtlebot3_gazebo) StdoutLine: {'line': b'-- Searching for <ignition-common3> component [graphics]\n'}
[3.107590] (turtlebot3_gazebo) StdoutLine: {'line': b'-- Looking for ignition-common3-graphics -- found version 3.14.0\n'}
[3.112658] (turtlebot3_gazebo) StdoutLine: {'line': b'-- Searching for dependencies of ignition-common3-graphics\n'}
[3.115422] (turtlebot3_gazebo) StdoutLine: {'line': b'-- Looking for ignition-math6 -- found version 6.15.1\n'}
[3.121130] (turtlebot3_gazebo) StdoutLine: {'line': b'-- Looking for ignition-fuel_tools4 -- found version 4.4.0\n'}
[3.123711] (turtlebot3_gazebo) StdoutLine: {'line': b'-- Searching for dependencies of ignition-fuel_tools4\n'}
[3.126817] (turtlebot3_fake_node) StdoutLine: {'line': b'-- Found tf2: 0.25.12 (/opt/ros/humble/share/tf2/cmake)\n'}
[3.159934] (-) TimerEvent: {}
[3.161847] (turtlebot3_fake_node) StdoutLine: {'line': b'-- Found tf2_msgs: 0.25.12 (/opt/ros/humble/share/tf2_msgs/cmake)\n'}
[3.260068] (-) TimerEvent: {}
[3.285031] (turtlebot3_gazebo) StdoutLine: {'line': b"-- Checking for module 'jsoncpp'\n"}
[3.350123] (turtlebot3_gazebo) StdoutLine: {'line': b'--   Found jsoncpp, version 1.9.5\n'}
[3.360222] (-) TimerEvent: {}
[3.421704] (turtlebot3_fake_node) StdoutLine: {'line': b'-- Found turtlebot3_msgs: 2.2.3 (/opt/ros/humble/share/turtlebot3_msgs/cmake)\n'}
[3.460363] (-) TimerEvent: {}
[3.499612] (turtlebot3_gazebo) StdoutLine: {'line': b"-- Checking for module 'libzip'\n"}
[3.547042] (turtlebot3_gazebo) StdoutLine: {'line': b'--   Found libzip, version 1.7.3\n'}
[3.561605] (-) TimerEvent: {}
[3.662577] (-) TimerEvent: {}
[3.682297] (turtlebot3_gazebo) StdoutLine: {'line': b'-- Looking for ignition-common3 -- found version 3.14.0\n'}
[3.683760] (turtlebot3_gazebo) StdoutLine: {'line': b'-- Looking for ignition-math6 -- found version 6.15.1\n'}
[3.686739] (turtlebot3_gazebo) StdoutLine: {'line': b'-- Looking for ignition-msgs5 -- found version 5.8.1\n'}
[3.703851] (turtlebot3_gazebo) StdoutLine: {'line': b'-- Found gazebo_ros_pkgs: 3.9.0 (/opt/ros/humble/share/gazebo_ros_pkgs/cmake)\n'}
[3.705923] (turtlebot3_gazebo) StdoutLine: {'line': b'-- Found geometry_msgs: 4.2.4 (/opt/ros/humble/share/geometry_msgs/cmake)\n'}
[3.764640] (-) TimerEvent: {}
[3.795835] (turtlebot3_gazebo) StdoutLine: {'line': b'-- Found rosidl_generator_c: 3.1.6 (/opt/ros/humble/share/rosidl_generator_c/cmake)\n'}
[3.806263] (turtlebot3_gazebo) StdoutLine: {'line': b'-- Found rosidl_adapter: 3.1.6 (/opt/ros/humble/share/rosidl_adapter/cmake)\n'}
[3.858273] (turtlebot3_gazebo) StdoutLine: {'line': b'-- Found rosidl_generator_cpp: 3.1.6 (/opt/ros/humble/share/rosidl_generator_cpp/cmake)\n'}
[3.864938] (-) TimerEvent: {}
[3.917205] (turtlebot3_gazebo) StdoutLine: {'line': b'-- Using all available rosidl_typesupport_c: rosidl_typesupport_fastrtps_c;rosidl_typesupport_introspection_c\n'}
[3.935400] (turtlebot_dqn) Command: {'cmd': ['/usr/bin/python3', '-W', 'ignore:setup.py install is deprecated', '-W', 'ignore:easy_install command is deprecated', 'setup.py', 'egg_info', '--egg-base', '../../build/turtlebot_dqn', 'build', '--build-base', '/home/asad/turtlebot0/build/turtlebot_dqn/build', 'install', '--record', '/home/asad/turtlebot0/build/turtlebot_dqn/install.log', '--single-version-externally-managed', 'install_data'], 'cwd': '/home/asad/turtlebot0/src/turtlebot_dqn', 'env': {'LESSOPEN': '| /usr/bin/lesspipe %s', 'USER': 'asad', 'LC_TIME': 'ur_PK', 'XDG_SESSION_TYPE': 'wayland', 'SHLVL': '1', 'LD_LIBRARY_PATH': '/usr/lib/x86_64-linux-gnu/gazebo-11/plugins:/opt/ros/humble/opt/rviz_ogre_vendor/lib:/opt/ros/humble/lib/x86_64-linux-gnu:/opt/ros/humble/lib:/usr/lib/x86_64-linux-gnu/gazebo-11/plugins::/usr/lib/x86_64-linux-gnu/gazebo-11/plugins:/usr/lib/x86_64-linux-gnu/gazebo-11/plugins:', 'HOME': '/home/asad', 'OLDPWD': '/home/asad', 'DESKTOP_SESSION': 'ubuntu', 'GAZEBO_MASTER_URI': 'http://localhost:11345', 'ROS_PYTHON_VERSION': '3', 'GNOME_SHELL_SESSION_MODE': 'ubuntu', 'GTK_MODULES': 'gail:atk-bridge', 'LC_MONETARY': 'ur_PK', 'SYSTEMD_EXEC_PID': '7112', 'DBUS_SESSION_BUS_ADDRESS': 'unix:path=/run/user/1000/bus', 'COLORTERM': 'truecolor', 'IM_CONFIG_PHASE': '1', 'WAYLAND_DISPLAY': 'wayland-0', 'COLCON_PREFIX_PATH': '/home/asad/turtlebot0/install', 'ROS_DISTRO': 'humble', 'LOGNAME': 'asad', '_': '/usr/bin/colcon', 'ROS_VERSION': '2', 'XDG_SESSION_CLASS': 'user', 'USERNAME': 'asad', 'TERM': 'xterm-256color', 'GAZEBO_MODEL_PATH': '/usr/share/gazebo-11/models:/usr/share/gazebo-11/models:', 'GNOME_DESKTOP_SESSION_ID': 'this-is-deprecated', 'ROS_LOCALHOST_ONLY': '0', 'OGRE_RESOURCE_PATH': '/usr/lib/x86_64-linux-gnu/OGRE-1.9.0', 'PATH': '/opt/ros/humble/bin:/home/asad/.local/bin:/usr/local/sbin:/usr/local/bin:/usr/sbin:/usr/bin:/sbin:/bin:/usr/games:/usr/local/games:/snap/bin:/snap/bin', 'SESSION_MANAGER': 'local/asad-7G-Series:@/tmp/.ICE-unix/1375,unix/asad-7G-Series:/tmp/.ICE-unix/1375', 'XDG_MENU_PREFIX': 'gnome-', 'LC_ADDRESS': 'ur_PK', 'GNOME_TERMINAL_SCREEN': '/org/gnome/Terminal/screen/77e9e29f_050e_41c6_98d6_fbaabbc9cb12', 'GNOME_SETUP_DISPLAY': ':1', 'XDG_RUNTIME_DIR': '/run/user/1000', 'DISPLAY': ':0', 'LANG': 'en_US.UTF-8', 'XDG_CURRENT_DESKTOP': 'ubuntu:GNOME', 'LC_TELEPHONE': 'ur_PK', 'XMODIFIERS': '@im=ibus', 'XDG_SESSION_DESKTOP': 'ubuntu', 'XAUTHORITY': '/run/user/1000/.mutter-Xwaylandauth.7R9U52', 'LS_COLORS': 'rs=0:di=01;34:ln=01;36:mh=00:pi=40;33:so=01;35:do=01;35:bd=40;33;01:cd=40;33;01:or=40;31;01:mi=00:su=37;41:sg=30;43:ca=30;41:tw=30;42:ow=34;42:st=37;44:ex=01;32:*.tar=01;31:*.tgz=01;31:*.arc=01;31:*.arj=01;31:*.taz=01;31:*.lha=01;31:*.lz4=01;31:*.lzh=01;31:*.lzma=01;31:*.tlz=01;31:*.txz=01;31:*.tzo=01;31:*.t7z=01;31:*.zip=01;31:*.z=01;31:*.dz=01;31:*.gz=01;31:*.lrz=01;31:*.lz=01;31:*.lzo=01;31:*.xz=01;31:*.zst=01;31:*.tzst=01;31:*.bz2=01;31:*.bz=01;31:*.tbz=01;31:*.tbz2=01;31:*.tz=01;31:*.deb=01;31:*.rpm=01;31:*.jar=01;31:*.war=01;31:*.ear=01;31:*.sar=01;31:*.rar=01;31:*.alz=01;31:*.ace=01;31:*.zoo=01;31:*.cpio=01;31:*.7z=01;31:*.rz=01;31:*.cab=01;31:*.wim=01;31:*.swm=01;31:*.dwm=01;31:*.esd=01;31:*.jpg=01;35:*.jpeg=01;35:*.mjpg=01;35:*.mjpeg=01;35:*.gif=01;35:*.bmp=01;35:*.pbm=01;35:*.pgm=01;35:*.ppm=01;35:*.tga=01;35:*.xbm=01;35:*.xpm=01;35:*.tif=01;35:*.tiff=01;35:*.png=01;35:*.svg=01;35:*.svgz=01;35:*.mng=01;35:*.pcx=01;35:*.mov=01;35:*.mpg=01;35:*.mpeg=01;35:*.m2v=01;35:*.mkv=01;35:*.webm=01;35:*.webp=01;35:*.ogm=01;35:*.mp4=01;35:*.m4v=01;35:*.mp4v=01;35:*.vob=01;35:*.qt=01;35:*.nuv=01;35:*.wmv=01;35:*.asf=01;35:*.rm=01;35:*.rmvb=01;35:*.flc=01;35:*.avi=01;35:*.fli=01;35:*.flv=01;35:*.gl=01;35:*.dl=01;35:*.xcf=01;35:*.xwd=01;35:*.yuv=01;35:*.cgm=01;35:*.emf=01;35:*.ogv=01;35:*.ogx=01;35:*.aac=00;36:*.au=00;36:*.flac=00;36:*.m4a=00;36:*.mid=00;36:*.midi=00;36:*.mka=00;36:*.mp3=00;36:*.mpc=00;36:*.ogg=00;36:*.ra=00;36:*.wav=00;36:*.oga=00;36:*.opus=00;36:*.spx=00;36:*.xspf=00;36:', 'GNOME_TERMINAL_SERVICE': ':1.140', 'SSH_AGENT_LAUNCHER': 'gnome-keyring', 'SSH_AUTH_SOCK': '/run/user/1000/keyring/ssh', 'AMENT_PREFIX_PATH': '/home/asad/turtlebot0/install/turtlebot_dqn:/home/asad/turtlebot0/install/turtlebot3_simulations:/home/asad/turtlebot0/install/turtlebot3_gazebo:/home/asad/turtlebot0/install/turtlebot3_fake_node:/opt/ros/humble', 'SHELL': '/bin/bash', 'LC_NAME': 'ur_PK', 'QT_ACCESSIBILITY': '1', 'GDMSESSION': 'ubuntu', 'LESSCLOSE': '/usr/bin/lesspipe %s %s', 'LC_MEASUREMENT': 'ur_PK', 'GAZEBO_RESOURCE_PATH': '/usr/share/gazebo-11:/usr/share/gazebo-11:', 'LC_IDENTIFICATION': 'ur_PK', 'GAZEBO_MODEL_DATABASE_URI': 'http://models.gazebosim.org', 'QT_IM_MODULE': 'ibus', 'PWD': '/home/asad/turtlebot0/build/turtlebot_dqn', 'TURTLEBOT3_MODEL': 'burger', 'LC_ALL': 'en_US.UTF-8', 'XDG_CONFIG_DIRS': '/etc/xdg/xdg-ubuntu:/etc/xdg', 'GAZEBO_PLUGIN_PATH': '/usr/lib/x86_64-linux-gnu/gazebo-11/plugins:/usr/lib/x86_64-linux-gnu/gazebo-11/plugins:', 'XDG_DATA_DIRS': '/usr/share/ubuntu:/usr/local/share/:/usr/share/:/var/lib/snapd/desktop', 'PYTHONPATH': '/home/asad/turtlebot0/build/turtlebot_dqn/prefix_override:/usr/lib/python3/dist-packages/colcon_core/task/python/colcon_distutils_commands:/home/asad/turtlebot0/install/turtlebot_dqn/lib/python3.10/site-packages:/home/asad/turtlebot0/install/turtlebot_dqn/lib/python3.10/site-packages:/opt/ros/humble/lib/python3.10/site-packages:/opt/ros/humble/local/lib/python3.10/dist-packages', 'LC_NUMERIC': 'ur_PK', 'LC_PAPER': 'ur_PK', 'COLCON': '1', 'VTE_VERSION': '6800', 'CMAKE_PREFIX_PATH': '/home/asad/turtlebot0/install/turtlebot3_simulations:/home/asad/turtlebot0/install/turtlebot3_gazebo:/home/asad/turtlebot0/install/turtlebot3_fake_node'}, 'shell': False}
[3.940792] (turtlebot3_fake_node) StdoutLine: {'line': b'-- Configuring done\n'}
[3.965018] (-) TimerEvent: {}
[3.981258] (turtlebot3_gazebo) StdoutLine: {'line': b'-- Using all available rosidl_typesupport_cpp: rosidl_typesupport_fastrtps_cpp;rosidl_typesupport_introspection_cpp\n'}
[4.038306] (turtlebot3_fake_node) StdoutLine: {'line': b'-- Generating done\n'}
[4.065164] (-) TimerEvent: {}
[4.081370] (turtlebot3_fake_node) StdoutLine: {'line': b'-- Build files have been written to: /home/asad/turtlebot0/build/turtlebot3_fake_node\n'}
[4.165306] (-) TimerEvent: {}
[4.172689] (turtlebot3_gazebo) StdoutLine: {'line': b'-- Found nav_msgs: 4.2.4 (/opt/ros/humble/share/nav_msgs/cmake)\n'}
[4.242109] (turtlebot3_fake_node) StdoutLine: {'line': b'\x1b[35m\x1b[1mConsolidate compiler generated dependencies of target turtlebot3_fake_node\x1b[0m\n'}
[4.250348] (turtlebot3_gazebo) StdoutLine: {'line': b'-- Found rclcpp: 16.0.11 (/opt/ros/humble/share/rclcpp/cmake)\n'}
[4.265438] (-) TimerEvent: {}
[4.366496] (-) TimerEvent: {}
[4.374310] (turtlebot3_gazebo) StdoutLine: {'line': b'-- Found rmw_implementation_cmake: 6.1.2 (/opt/ros/humble/share/rmw_implementation_cmake/cmake)\n'}
[4.381685] (turtlebot3_gazebo) StdoutLine: {'line': b'-- Found rmw_fastrtps_cpp: 6.2.7 (/opt/ros/humble/share/rmw_fastrtps_cpp/cmake)\n'}
[4.466628] (-) TimerEvent: {}
[4.474842] (turtlebot3_fake_node) StdoutLine: {'line': b'[ 50%] \x1b[32mBuilding CXX object CMakeFiles/turtlebot3_fake_node.dir/src/turtlebot3_fake_node.cpp.o\x1b[0m\n'}
[4.567733] (-) TimerEvent: {}
[4.670076] (-) TimerEvent: {}
[4.772733] (-) TimerEvent: {}
[4.875224] (-) TimerEvent: {}
[4.906883] (turtlebot3_gazebo) StdoutLine: {'line': b"-- Using RMW implementation 'rmw_fastrtps_cpp' as default\n"}
[4.975386] (-) TimerEvent: {}
[5.078259] (-) TimerEvent: {}
[5.096177] (turtlebot3_gazebo) StdoutLine: {'line': b'-- Found sensor_msgs: 4.2.4 (/opt/ros/humble/share/sensor_msgs/cmake)\n'}
[5.178471] (-) TimerEvent: {}
[5.189778] (turtlebot3_gazebo) StdoutLine: {'line': b'-- Found tf2: 0.25.12 (/opt/ros/humble/share/tf2/cmake)\n'}
[5.205927] (turtlebot_dqn) StdoutLine: {'line': b'running egg_info\n'}
[5.207960] (turtlebot_dqn) StdoutLine: {'line': b'writing ../../build/turtlebot_dqn/turtlebot_dqn.egg-info/PKG-INFO\n'}
[5.208324] (turtlebot_dqn) StdoutLine: {'line': b'writing dependency_links to ../../build/turtlebot_dqn/turtlebot_dqn.egg-info/dependency_links.txt\n'}
[5.208635] (turtlebot_dqn) StdoutLine: {'line': b'writing entry points to ../../build/turtlebot_dqn/turtlebot_dqn.egg-info/entry_points.txt\n'}
[5.214434] (turtlebot_dqn) StdoutLine: {'line': b'writing requirements to ../../build/turtlebot_dqn/turtlebot_dqn.egg-info/requires.txt\n'}
[5.215116] (turtlebot_dqn) StdoutLine: {'line': b'writing top-level names to ../../build/turtlebot_dqn/turtlebot_dqn.egg-info/top_level.txt\n'}
[5.217749] (turtlebot_dqn) StdoutLine: {'line': b"reading manifest file '../../build/turtlebot_dqn/turtlebot_dqn.egg-info/SOURCES.txt'\n"}
[5.224831] (turtlebot_dqn) StdoutLine: {'line': b"writing manifest file '../../build/turtlebot_dqn/turtlebot_dqn.egg-info/SOURCES.txt'\n"}
[5.226812] (turtlebot_dqn) StdoutLine: {'line': b'running build\n'}
[5.230831] (turtlebot_dqn) StdoutLine: {'line': b'running build_py\n'}
[5.232219] (turtlebot_dqn) StdoutLine: {'line': b'copying turtlebot_dqn/dqn_node.py -> /home/asad/turtlebot0/build/turtlebot_dqn/build/lib/turtlebot_dqn\n'}
[5.232526] (turtlebot_dqn) StdoutLine: {'line': b'copying turtlebot_dqn/My_testing_node.py -> /home/asad/turtlebot0/build/turtlebot_dqn/build/lib/turtlebot_dqn\n'}
[5.232842] (turtlebot_dqn) StdoutLine: {'line': b'copying turtlebot_dqn/custom_model.py -> /home/asad/turtlebot0/build/turtlebot_dqn/build/lib/turtlebot_dqn\n'}
[5.233104] (turtlebot_dqn) StdoutLine: {'line': b'running install\n'}
[5.235310] (turtlebot_dqn) StdoutLine: {'line': b'running install_lib\n'}
[5.243039] (turtlebot_dqn) StdoutLine: {'line': b'copying /home/asad/turtlebot0/build/turtlebot_dqn/build/lib/turtlebot_dqn/dqn_node.py -> /home/asad/turtlebot0/install/turtlebot_dqn/lib/python3.10/site-packages/turtlebot_dqn\n'}
[5.243794] (turtlebot_dqn) StdoutLine: {'line': b'copying /home/asad/turtlebot0/build/turtlebot_dqn/build/lib/turtlebot_dqn/My_testing_node.py -> /home/asad/turtlebot0/install/turtlebot_dqn/lib/python3.10/site-packages/turtlebot_dqn\n'}
[5.244160] (turtlebot_dqn) StdoutLine: {'line': b'copying /home/asad/turtlebot0/build/turtlebot_dqn/build/lib/turtlebot_dqn/custom_model.py -> /home/asad/turtlebot0/install/turtlebot_dqn/lib/python3.10/site-packages/turtlebot_dqn\n'}
[5.245591] (turtlebot_dqn) StdoutLine: {'line': b'byte-compiling /home/asad/turtlebot0/install/turtlebot_dqn/lib/python3.10/site-packages/turtlebot_dqn/dqn_node.py to dqn_node.cpython-310.pyc\n'}
[5.262176] (turtlebot_dqn) StdoutLine: {'line': b'byte-compiling /home/asad/turtlebot0/install/turtlebot_dqn/lib/python3.10/site-packages/turtlebot_dqn/My_testing_node.py to My_testing_node.cpython-310.pyc\n'}
[5.273574] (turtlebot_dqn) StdoutLine: {'line': b'byte-compiling /home/asad/turtlebot0/install/turtlebot_dqn/lib/python3.10/site-packages/turtlebot_dqn/custom_model.py to custom_model.cpython-310.pyc\n'}
[5.278609] (-) TimerEvent: {}
[5.282272] (turtlebot_dqn) StdoutLine: {'line': b'running install_data\n'}
[5.289686] (turtlebot_dqn) StdoutLine: {'line': b'running install_egg_info\n'}
[5.301808] (turtlebot_dqn) StdoutLine: {'line': b"removing '/home/asad/turtlebot0/install/turtlebot_dqn/lib/python3.10/site-packages/turtlebot_dqn-0.0.0-py3.10.egg-info' (and everything under it)\n"}
[5.302569] (turtlebot_dqn) StdoutLine: {'line': b'Copying ../../build/turtlebot_dqn/turtlebot_dqn.egg-info to /home/asad/turtlebot0/install/turtlebot_dqn/lib/python3.10/site-packages/turtlebot_dqn-0.0.0-py3.10.egg-info\n'}
[5.311183] (turtlebot_dqn) StdoutLine: {'line': b'running install_scripts\n'}
[5.381637] (-) TimerEvent: {}
[5.453670] (turtlebot_dqn) StdoutLine: {'line': b'Installing My_testing_node.py script to /home/asad/turtlebot0/install/turtlebot_dqn/lib/turtlebot_dqn\n'}
[5.458191] (turtlebot_dqn) StdoutLine: {'line': b'Installing bumper_reset_node script to /home/asad/turtlebot0/install/turtlebot_dqn/lib/turtlebot_dqn\n'}
[5.459575] (turtlebot_dqn) StdoutLine: {'line': b'Installing custom_model script to /home/asad/turtlebot0/install/turtlebot_dqn/lib/turtlebot_dqn\n'}
[5.459962] (turtlebot_dqn) StdoutLine: {'line': b'Installing dqn_node script to /home/asad/turtlebot0/install/turtlebot_dqn/lib/turtlebot_dqn\n'}
[5.460321] (turtlebot_dqn) StdoutLine: {'line': b'Installing goal_publisher script to /home/asad/turtlebot0/install/turtlebot_dqn/lib/turtlebot_dqn\n'}
[5.460664] (turtlebot_dqn) StdoutLine: {'line': b"writing list of installed files to '/home/asad/turtlebot0/build/turtlebot_dqn/install.log'\n"}
[5.483621] (-) TimerEvent: {}
[5.585984] (-) TimerEvent: {}
[5.600712] (turtlebot_dqn) CommandEnded: {'returncode': 0}
[5.651463] (turtlebot3_gazebo) StdoutLine: {'line': b'-- Configuring done\n'}
[5.688063] (-) TimerEvent: {}
[5.706150] (turtlebot_dqn) JobEnded: {'identifier': 'turtlebot_dqn', 'rc': 0}
[5.788537] (-) TimerEvent: {}
[5.827312] (turtlebot3_gazebo) StdoutLine: {'line': b'-- Generating done\n'}
[5.863176] (turtlebot3_gazebo) StdoutLine: {'line': b'-- Build files have been written to: /home/asad/turtlebot0/build/turtlebot3_gazebo\n'}
[5.890421] (-) TimerEvent: {}
[5.991874] (-) TimerEvent: {}
[6.038720] (turtlebot3_gazebo) StdoutLine: {'line': b'\x1b[35m\x1b[1mConsolidate compiler generated dependencies of target turtlebot3_drive\x1b[0m\n'}
[6.060253] (turtlebot3_gazebo) StdoutLine: {'line': b'\x1b[35m\x1b[1mConsolidate compiler generated dependencies of target obstacles\x1b[0m\n'}
[6.093649] (turtlebot3_gazebo) StdoutLine: {'line': b'\x1b[35m\x1b[1mConsolidate compiler generated dependencies of target obstacle2\x1b[0m\n'}
[6.094821] (-) TimerEvent: {}
[6.146028] (turtlebot3_gazebo) StdoutLine: {'line': b'\x1b[35m\x1b[1mConsolidate compiler generated dependencies of target obstacle1\x1b[0m\n'}
[6.194962] (-) TimerEvent: {}
[6.297920] (-) TimerEvent: {}
[6.330290] (turtlebot3_gazebo) StdoutLine: {'line': b'[ 12%] \x1b[32mBuilding CXX object CMakeFiles/turtlebot3_drive.dir/src/turtlebot3_drive.cpp.o\x1b[0m\n'}
[6.409242] (-) TimerEvent: {}
[6.509826] (-) TimerEvent: {}
[6.586041] (turtlebot3_gazebo) StdoutLine: {'line': b'[ 25%] \x1b[32mBuilding CXX object CMakeFiles/obstacles.dir/models/turtlebot3_dqn_world/obstacle_plugin/obstacles.cc.o\x1b[0m\n'}
[6.611297] (-) TimerEvent: {}
[6.683860] (turtlebot3_gazebo) StdoutLine: {'line': b'[ 37%] \x1b[32mBuilding CXX object CMakeFiles/obstacle2.dir/models/turtlebot3_dqn_world/obstacle_plugin/obstacle2.cc.o\x1b[0m\n'}
[6.714007] (-) TimerEvent: {}
[6.790738] (turtlebot3_gazebo) StdoutLine: {'line': b'[ 50%] \x1b[32mBuilding CXX object CMakeFiles/obstacle1.dir/models/turtlebot3_dqn_world/obstacle_plugin/obstacle1.cc.o\x1b[0m\n'}
[6.816061] (-) TimerEvent: {}
[6.923482] (-) TimerEvent: {}
[7.027386] (-) TimerEvent: {}
[7.130656] (-) TimerEvent: {}
[7.231567] (-) TimerEvent: {}
[7.334831] (-) TimerEvent: {}
[7.435419] (-) TimerEvent: {}
[7.537615] (-) TimerEvent: {}
[7.638235] (-) TimerEvent: {}
[7.741627] (-) TimerEvent: {}
[7.842230] (-) TimerEvent: {}
[7.944126] (-) TimerEvent: {}
[8.044824] (-) TimerEvent: {}
[8.146126] (-) TimerEvent: {}
[8.248725] (-) TimerEvent: {}
[8.349734] (-) TimerEvent: {}
[8.453307] (-) TimerEvent: {}
[8.553898] (-) TimerEvent: {}
[8.654655] (-) TimerEvent: {}
[8.757780] (-) TimerEvent: {}
[8.858630] (-) TimerEvent: {}
[8.959582] (-) TimerEvent: {}
[9.060618] (-) TimerEvent: {}
[9.161619] (-) TimerEvent: {}
[9.263704] (-) TimerEvent: {}
[9.365921] (-) TimerEvent: {}
[9.466932] (-) TimerEvent: {}
[9.567929] (-) TimerEvent: {}
[9.669752] (-) TimerEvent: {}
[9.773340] (-) TimerEvent: {}
[9.874570] (-) TimerEvent: {}
[9.975950] (-) TimerEvent: {}
[10.078959] (-) TimerEvent: {}
[10.179834] (-) TimerEvent: {}
[10.280886] (-) TimerEvent: {}
[10.383442] (-) TimerEvent: {}
[10.485236] (-) TimerEvent: {}
[10.586134] (-) TimerEvent: {}
[10.690136] (-) TimerEvent: {}
[10.792691] (-) TimerEvent: {}
[10.894329] (-) TimerEvent: {}
[11.000027] (-) TimerEvent: {}
[11.104599] (-) TimerEvent: {}
[11.205261] (-) TimerEvent: {}
[11.313577] (-) TimerEvent: {}
[11.414493] (-) TimerEvent: {}
[11.520926] (-) TimerEvent: {}
[11.628169] (-) TimerEvent: {}
[11.735653] (-) TimerEvent: {}
[11.847058] (-) TimerEvent: {}
[11.949583] (-) TimerEvent: {}
[12.054776] (-) TimerEvent: {}
[12.155356] (-) TimerEvent: {}
[12.256745] (-) TimerEvent: {}
[12.360814] (-) TimerEvent: {}
[12.473537] (-) TimerEvent: {}
[12.579673] (-) TimerEvent: {}
[12.685827] (-) TimerEvent: {}
[12.788632] (-) TimerEvent: {}
[12.889241] (-) TimerEvent: {}
[12.997337] (-) TimerEvent: {}
[13.103708] (-) TimerEvent: {}
[13.206629] (-) TimerEvent: {}
[13.316620] (-) TimerEvent: {}
[13.420101] (-) TimerEvent: {}
[13.524459] (-) TimerEvent: {}
[13.634637] (-) TimerEvent: {}
[13.741824] (-) TimerEvent: {}
[13.842375] (-) TimerEvent: {}
[13.949454] (-) TimerEvent: {}
[14.050789] (-) TimerEvent: {}
[14.158985] (-) TimerEvent: {}
[14.267904] (-) TimerEvent: {}
[14.384966] (-) TimerEvent: {}
[14.485566] (-) TimerEvent: {}
[14.590906] (-) TimerEvent: {}
[14.692654] (-) TimerEvent: {}
[14.795623] (-) TimerEvent: {}
[14.899835] (-) TimerEvent: {}
[15.013120] (-) TimerEvent: {}
[15.117915] (-) TimerEvent: {}
[15.223834] (-) TimerEvent: {}
[15.338646] (-) TimerEvent: {}
[15.441633] (-) TimerEvent: {}
[15.545027] (-) TimerEvent: {}
[15.652140] (-) TimerEvent: {}
[15.759218] (-) TimerEvent: {}
[15.863755] (-) TimerEvent: {}
[15.966643] (-) TimerEvent: {}
[16.068274] (-) TimerEvent: {}
[16.171635] (-) TimerEvent: {}
[16.277656] (-) TimerEvent: {}
[16.386668] (-) TimerEvent: {}
[16.487267] (-) TimerEvent: {}
[16.592908] (-) TimerEvent: {}
[16.703662] (-) TimerEvent: {}
[16.804643] (-) TimerEvent: {}
[16.914632] (-) TimerEvent: {}
[17.024236] (-) TimerEvent: {}
[17.128621] (-) TimerEvent: {}
[17.230047] (-) TimerEvent: {}
[17.337170] (-) TimerEvent: {}
[17.444753] (-) TimerEvent: {}
[17.545603] (-) TimerEvent: {}
[17.660929] (-) TimerEvent: {}
[17.766994] (-) TimerEvent: {}
[17.876302] (-) TimerEvent: {}
[17.981976] (-) TimerEvent: {}
[18.098624] (-) TimerEvent: {}
[18.205629] (-) TimerEvent: {}
[18.312624] (-) TimerEvent: {}
[18.413726] (-) TimerEvent: {}
[18.526630] (-) TimerEvent: {}
[18.634316] (-) TimerEvent: {}
[18.738640] (-) TimerEvent: {}
[18.847620] (-) TimerEvent: {}
[18.949676] (-) TimerEvent: {}
[19.055814] (-) TimerEvent: {}
[19.159314] (-) TimerEvent: {}
[19.264628] (-) TimerEvent: {}
[19.377630] (-) TimerEvent: {}
[19.478208] (-) TimerEvent: {}
[19.579236] (-) TimerEvent: {}
[19.680054] (-) TimerEvent: {}
[19.787477] (-) TimerEvent: {}
[19.899657] (-) TimerEvent: {}
[20.003227] (-) TimerEvent: {}
[20.106913] (-) TimerEvent: {}
[20.212607] (-) TimerEvent: {}
[20.315640] (-) TimerEvent: {}
[20.423680] (-) TimerEvent: {}
[20.527668] (-) TimerEvent: {}
[20.639007] (-) TimerEvent: {}
[20.742709] (-) TimerEvent: {}
[20.851957] (-) TimerEvent: {}
[20.970782] (-) TimerEvent: {}
[21.080635] (-) TimerEvent: {}
[21.181767] (-) TimerEvent: {}
[21.286636] (-) TimerEvent: {}
[21.392634] (-) TimerEvent: {}
[21.505356] (-) TimerEvent: {}
[21.608741] (-) TimerEvent: {}
[21.713746] (-) TimerEvent: {}
[21.821254] (-) TimerEvent: {}
[21.922993] (-) TimerEvent: {}
[22.029349] (-) TimerEvent: {}
[22.131898] (-) TimerEvent: {}
[22.242555] (-) TimerEvent: {}
[22.346605] (-) TimerEvent: {}
[22.449642] (-) TimerEvent: {}
[22.552955] (-) TimerEvent: {}
[22.668281] (-) TimerEvent: {}
[22.782695] (-) TimerEvent: {}
[22.890009] (-) TimerEvent: {}
[23.001568] (-) TimerEvent: {}
[23.113193] (-) TimerEvent: {}
[23.221165] (-) TimerEvent: {}
[23.327221] (-) TimerEvent: {}
[23.440144] (-) TimerEvent: {}
[23.547349] (-) TimerEvent: {}
[23.669145] (-) TimerEvent: {}
[23.776483] (-) TimerEvent: {}
[23.880495] (-) TimerEvent: {}
[23.994683] (-) TimerEvent: {}
[24.097408] (-) TimerEvent: {}
[24.203043] (-) TimerEvent: {}
[24.307372] (-) TimerEvent: {}
[24.414813] (-) TimerEvent: {}
[24.536630] (-) TimerEvent: {}
[24.637436] (-) TimerEvent: {}
[24.737997] (-) TimerEvent: {}
[24.841749] (-) TimerEvent: {}
[24.944686] (-) TimerEvent: {}
[25.051272] (-) TimerEvent: {}
[25.156644] (-) TimerEvent: {}
[25.260627] (-) TimerEvent: {}
[25.366728] (-) TimerEvent: {}
[25.476625] (-) TimerEvent: {}
[25.589639] (-) TimerEvent: {}
[25.696548] (-) TimerEvent: {}
[25.797506] (-) TimerEvent: {}
[25.903335] (-) TimerEvent: {}
[26.005596] (-) TimerEvent: {}
[26.113326] (-) TimerEvent: {}
[26.219401] (-) TimerEvent: {}
[26.330170] (-) TimerEvent: {}
[26.432324] (-) TimerEvent: {}
[26.538621] (-) TimerEvent: {}
[26.639826] (-) TimerEvent: {}
[26.742982] (-) TimerEvent: {}
[26.845262] (-) TimerEvent: {}
[26.957760] (-) TimerEvent: {}
[27.061356] (-) TimerEvent: {}
[27.174118] (-) TimerEvent: {}
[27.276730] (-) TimerEvent: {}
[27.388154] (-) TimerEvent: {}
[27.490732] (-) TimerEvent: {}
[27.597686] (-) TimerEvent: {}
[27.703803] (-) TimerEvent: {}
[27.820418] (-) TimerEvent: {}
[27.921129] (-) TimerEvent: {}
[28.022270] (-) TimerEvent: {}
[28.125760] (-) TimerEvent: {}
[28.227678] (-) TimerEvent: {}
[28.337552] (-) TimerEvent: {}
[28.449788] (-) TimerEvent: {}
[28.550392] (-) TimerEvent: {}
[28.655412] (-) TimerEvent: {}
[28.763014] (-) TimerEvent: {}
[28.866492] (-) TimerEvent: {}
[28.969467] (-) TimerEvent: {}
[29.072962] (-) TimerEvent: {}
[29.183768] (-) TimerEvent: {}
[29.285029] (-) TimerEvent: {}
[29.392841] (-) TimerEvent: {}
[29.494636] (-) TimerEvent: {}
[29.601120] (-) TimerEvent: {}
[29.702216] (-) TimerEvent: {}
[29.808626] (-) TimerEvent: {}
[29.913628] (-) TimerEvent: {}
[30.017108] (-) TimerEvent: {}
[30.131506] (-) TimerEvent: {}
[30.245631] (-) TimerEvent: {}
[30.350015] (-) TimerEvent: {}
[30.457765] (-) TimerEvent: {}
[30.564159] (-) TimerEvent: {}
[30.675559] (-) TimerEvent: {}
[30.779549] (-) TimerEvent: {}
[30.882349] (-) TimerEvent: {}
[30.987616] (-) TimerEvent: {}
[31.089918] (-) TimerEvent: {}
[31.195628] (-) TimerEvent: {}
[31.299507] (-) TimerEvent: {}
[31.400092] (-) TimerEvent: {}
[31.503612] (-) TimerEvent: {}
[31.607638] (-) TimerEvent: {}
[31.708815] (-) TimerEvent: {}
[31.809695] (-) TimerEvent: {}
[31.918640] (-) TimerEvent: {}
[32.023961] (-) TimerEvent: {}
[32.124904] (-) TimerEvent: {}
[32.226420] (-) TimerEvent: {}
[32.332716] (-) TimerEvent: {}
[32.433625] (-) TimerEvent: {}
[32.545620] (-) TimerEvent: {}
[32.646717] (-) TimerEvent: {}
[32.755939] (-) TimerEvent: {}
[32.857600] (-) TimerEvent: {}
[32.958991] (-) TimerEvent: {}
[33.060596] (-) TimerEvent: {}
[33.164645] (-) TimerEvent: {}
[33.267288] (-) TimerEvent: {}
[33.368804] (-) TimerEvent: {}
[33.473258] (-) TimerEvent: {}
[33.576218] (-) TimerEvent: {}
[33.684680] (-) TimerEvent: {}
[33.788591] (-) TimerEvent: {}
[33.889293] (-) TimerEvent: {}
[33.993799] (-) TimerEvent: {}
[34.116941] (-) TimerEvent: {}
[34.221748] (-) TimerEvent: {}
[34.328823] (-) TimerEvent: {}
[34.436762] (-) TimerEvent: {}
[34.546659] (-) TimerEvent: {}
[34.652620] (-) TimerEvent: {}
[34.755812] (-) TimerEvent: {}
[34.857436] (-) TimerEvent: {}
[34.965673] (-) TimerEvent: {}
[35.067997] (-) TimerEvent: {}
[35.170632] (-) TimerEvent: {}
[35.271909] (-) TimerEvent: {}
[35.383195] (-) TimerEvent: {}
[35.484655] (-) TimerEvent: {}
[35.585653] (-) TimerEvent: {}
[35.692051] (-) TimerEvent: {}
[35.799362] (-) TimerEvent: {}
[35.899927] (-) TimerEvent: {}
[36.007564] (-) TimerEvent: {}
[36.114640] (-) TimerEvent: {}
[36.219263] (-) TimerEvent: {}
[36.321737] (-) TimerEvent: {}
[36.425420] (-) TimerEvent: {}
[36.526626] (-) TimerEvent: {}
[36.634063] (-) TimerEvent: {}
[36.735616] (-) TimerEvent: {}
[36.836268] (-) TimerEvent: {}
[36.942620] (-) TimerEvent: {}
[37.046501] (-) TimerEvent: {}
[37.149617] (-) TimerEvent: {}
[37.251671] (-) TimerEvent: {}
[37.353644] (-) TimerEvent: {}
[37.455612] (-) TimerEvent: {}
[37.558620] (-) TimerEvent: {}
[37.661209] (-) TimerEvent: {}
[37.770003] (-) TimerEvent: {}
[37.878182] (-) TimerEvent: {}
[37.982997] (-) TimerEvent: {}
[38.083897] (-) TimerEvent: {}
[38.189402] (-) TimerEvent: {}
[38.290620] (-) TimerEvent: {}
[38.393483] (-) TimerEvent: {}
[38.498632] (-) TimerEvent: {}
[38.607491] (-) TimerEvent: {}
[38.708570] (-) TimerEvent: {}
[38.811625] (-) TimerEvent: {}
[38.912217] (-) TimerEvent: {}
[39.013502] (-) TimerEvent: {}
[39.115128] (-) TimerEvent: {}
[39.218079] (-) TimerEvent: {}
[39.318646] (-) TimerEvent: {}
[39.419258] (-) TimerEvent: {}
[39.522678] (-) TimerEvent: {}
[39.623325] (-) TimerEvent: {}
[39.724222] (-) TimerEvent: {}
[39.824842] (-) TimerEvent: {}
[39.925402] (-) TimerEvent: {}
[40.028623] (-) TimerEvent: {}
[40.129251] (-) TimerEvent: {}
[40.230123] (-) TimerEvent: {}
[40.330767] (-) TimerEvent: {}
[40.432012] (-) TimerEvent: {}
[40.536715] (-) TimerEvent: {}
[40.637446] (-) TimerEvent: {}
[40.738023] (-) TimerEvent: {}
[40.839226] (-) TimerEvent: {}
[40.940217] (-) TimerEvent: {}
[41.056939] (-) TimerEvent: {}
[41.162384] (-) TimerEvent: {}
[41.268052] (-) TimerEvent: {}
[41.372628] (-) TimerEvent: {}
[41.473909] (-) TimerEvent: {}
[41.579566] (-) TimerEvent: {}
[41.684641] (-) TimerEvent: {}
[41.787611] (-) TimerEvent: {}
[41.889037] (-) TimerEvent: {}
[41.992809] (-) TimerEvent: {}
[42.100038] (-) TimerEvent: {}
[42.201802] (-) TimerEvent: {}
[42.307225] (-) TimerEvent: {}
[42.410605] (-) TimerEvent: {}
[42.515727] (-) TimerEvent: {}
[42.620666] (-) TimerEvent: {}
[42.722648] (-) TimerEvent: {}
[42.826819] (-) TimerEvent: {}
[42.927755] (-) TimerEvent: {}
[43.034588] (-) TimerEvent: {}
[43.139636] (-) TimerEvent: {}
[43.241287] (-) TimerEvent: {}
[43.342228] (-) TimerEvent: {}
[43.445439] (-) TimerEvent: {}
[43.550987] (-) TimerEvent: {}
[43.662645] (-) TimerEvent: {}
[43.767630] (-) TimerEvent: {}
[43.880374] (-) TimerEvent: {}
[43.988456] (-) TimerEvent: {}
[44.091209] (-) TimerEvent: {}
[44.197916] (-) TimerEvent: {}
[44.303734] (-) TimerEvent: {}
[44.406910] (-) TimerEvent: {}
[44.510682] (-) TimerEvent: {}
[44.623754] (-) TimerEvent: {}
[44.725566] (-) TimerEvent: {}
[44.833624] (-) TimerEvent: {}
[44.941633] (-) TimerEvent: {}
[45.044648] (-) TimerEvent: {}
[45.146744] (-) TimerEvent: {}
[45.249282] (-) TimerEvent: {}
[45.360641] (-) TimerEvent: {}
[45.469617] (-) TimerEvent: {}
[45.570222] (-) TimerEvent: {}
[45.677995] (-) TimerEvent: {}
[45.779596] (-) TimerEvent: {}
[45.883779] (-) TimerEvent: {}
[45.985040] (-) TimerEvent: {}
[46.086374] (-) TimerEvent: {}
[46.190770] (-) TimerEvent: {}
[46.294434] (-) TimerEvent: {}
[46.396639] (-) TimerEvent: {}
[46.504626] (-) TimerEvent: {}
[46.606587] (-) TimerEvent: {}
[46.709395] (-) TimerEvent: {}
[46.812618] (-) TimerEvent: {}
[46.913565] (-) TimerEvent: {}
[47.017657] (-) TimerEvent: {}
[47.125586] (-) TimerEvent: {}
[47.237919] (-) TimerEvent: {}
[47.339271] (-) TimerEvent: {}
[47.441947] (-) TimerEvent: {}
[47.544442] (-) TimerEvent: {}
[47.645865] (-) TimerEvent: {}
[47.748803] (-) TimerEvent: {}
[47.858392] (-) TimerEvent: {}
[47.960785] (-) TimerEvent: {}
[48.062919] (-) TimerEvent: {}
[48.164480] (-) TimerEvent: {}
[48.271726] (-) TimerEvent: {}
[48.373208] (-) TimerEvent: {}
[48.474856] (-) TimerEvent: {}
[48.581704] (-) TimerEvent: {}
[48.684762] (-) TimerEvent: {}
[48.794668] (-) TimerEvent: {}
[48.897132] (-) TimerEvent: {}
[48.998832] (-) TimerEvent: {}
[49.102624] (-) TimerEvent: {}
[49.206650] (-) TimerEvent: {}
[49.307956] (-) TimerEvent: {}
[49.410654] (-) TimerEvent: {}
[49.514995] (-) TimerEvent: {}
[49.616265] (-) TimerEvent: {}
[49.717415] (-) TimerEvent: {}
[49.829620] (-) TimerEvent: {}
[49.935853] (-) TimerEvent: {}
[50.042229] (-) TimerEvent: {}
[50.150631] (-) TimerEvent: {}
[50.264815] (-) TimerEvent: {}
[50.372667] (-) TimerEvent: {}
[50.476881] (-) TimerEvent: {}
[50.590082] (-) TimerEvent: {}
[50.693492] (-) TimerEvent: {}
[50.805637] (-) TimerEvent: {}
[50.907039] (-) TimerEvent: {}
[51.019724] (-) TimerEvent: {}
[51.130051] (-) TimerEvent: {}
[51.234766] (-) TimerEvent: {}
[51.339644] (-) TimerEvent: {}
[51.455679] (-) TimerEvent: {}
[51.565072] (-) TimerEvent: {}
[51.676626] (-) TimerEvent: {}
[51.782802] (-) TimerEvent: {}
[51.897137] (-) TimerEvent: {}
[52.009868] (-) TimerEvent: {}
[52.122233] (-) TimerEvent: {}
[52.229183] (-) TimerEvent: {}
[52.340559] (-) TimerEvent: {}
[52.443386] (-) TimerEvent: {}
[52.546417] (-) TimerEvent: {}
[52.650994] (-) TimerEvent: {}
[52.762740] (-) TimerEvent: {}
[52.875276] (-) TimerEvent: {}
[52.982446] (-) TimerEvent: {}
[53.084231] (-) TimerEvent: {}
[53.187739] (-) TimerEvent: {}
[53.290031] (-) TimerEvent: {}
[53.392331] (-) TimerEvent: {}
[53.495178] (-) TimerEvent: {}
[53.597612] (-) TimerEvent: {}
[53.703335] (-) TimerEvent: {}
[53.806453] (-) TimerEvent: {}
[53.908668] (-) TimerEvent: {}
[54.010694] (-) TimerEvent: {}
[54.116218] (-) TimerEvent: {}
[54.217618] (-) TimerEvent: {}
[54.320889] (-) TimerEvent: {}
[54.424354] (-) TimerEvent: {}
[54.526710] (-) TimerEvent: {}
[54.628999] (-) TimerEvent: {}
[54.731377] (-) TimerEvent: {}
[54.832625] (-) TimerEvent: {}
[54.935050] (-) TimerEvent: {}
[55.037381] (-) TimerEvent: {}
[55.139932] (-) TimerEvent: {}
[55.242197] (-) TimerEvent: {}
[55.344701] (-) TimerEvent: {}
[55.445994] (-) TimerEvent: {}
[55.548890] (-) TimerEvent: {}
[55.649809] (-) TimerEvent: {}
[55.754625] (-) TimerEvent: {}
[55.857033] (-) TimerEvent: {}
[55.958501] (-) TimerEvent: {}
[56.062971] (-) TimerEvent: {}
[56.169616] (-) TimerEvent: {}
[56.270700] (-) TimerEvent: {}
[56.374706] (-) TimerEvent: {}
[56.475810] (-) TimerEvent: {}
[56.577095] (-) TimerEvent: {}
[56.678031] (-) TimerEvent: {}
[56.781157] (-) TimerEvent: {}
[56.882224] (-) TimerEvent: {}
[56.983106] (-) TimerEvent: {}
[57.085643] (-) TimerEvent: {}
[57.186867] (-) TimerEvent: {}
[57.287800] (-) TimerEvent: {}
[57.389573] (-) TimerEvent: {}
[57.491437] (-) TimerEvent: {}
[57.594623] (-) TimerEvent: {}
[57.695545] (-) TimerEvent: {}
[57.796536] (-) TimerEvent: {}
[57.897508] (-) TimerEvent: {}
[57.999627] (-) TimerEvent: {}
[58.100759] (-) TimerEvent: {}
[58.202033] (-) TimerEvent: {}
[58.306207] (-) TimerEvent: {}
[58.407200] (-) TimerEvent: {}
[58.508235] (-) TimerEvent: {}
[58.610624] (-) TimerEvent: {}
[58.711545] (-) TimerEvent: {}
[58.814639] (-) TimerEvent: {}
[58.915806] (-) TimerEvent: {}
[59.016895] (-) TimerEvent: {}
[59.120120] (-) TimerEvent: {}
[59.221312] (-) TimerEvent: {}
[59.322365] (-) TimerEvent: {}
[59.423883] (-) TimerEvent: {}
[59.528665] (-) TimerEvent: {}
[59.629629] (-) TimerEvent: {}
[59.730624] (-) TimerEvent: {}
[59.831589] (-) TimerEvent: {}
[59.932414] (-) TimerEvent: {}
[60.034627] (-) TimerEvent: {}
[60.135641] (-) TimerEvent: {}
[60.238979] (-) TimerEvent: {}
[60.340457] (-) TimerEvent: {}
[60.443627] (-) TimerEvent: {}
[60.544545] (-) TimerEvent: {}
[60.647746] (-) TimerEvent: {}
[60.750316] (-) TimerEvent: {}
[60.851052] (-) TimerEvent: {}
[60.953112] (-) TimerEvent: {}
[61.054188] (-) TimerEvent: {}
[61.158009] (-) TimerEvent: {}
[61.258937] (-) TimerEvent: {}
[61.359881] (-) TimerEvent: {}
[61.460918] (-) TimerEvent: {}
[61.564468] (-) TimerEvent: {}
[61.665594] (-) TimerEvent: {}
[61.769623] (-) TimerEvent: {}
[61.870557] (-) TimerEvent: {}
[61.971497] (-) TimerEvent: {}
[62.072462] (-) TimerEvent: {}
[62.173780] (-) TimerEvent: {}
[62.277777] (-) TimerEvent: {}
[62.379188] (-) TimerEvent: {}
[62.480311] (-) TimerEvent: {}
[62.581533] (-) TimerEvent: {}
[62.685430] (-) TimerEvent: {}
[62.786567] (-) TimerEvent: {}
[62.887474] (-) TimerEvent: {}
[62.991702] (-) TimerEvent: {}
[63.092739] (-) TimerEvent: {}
[63.194104] (-) TimerEvent: {}
[63.295209] (-) TimerEvent: {}
[63.396148] (-) TimerEvent: {}
[63.500653] (-) TimerEvent: {}
[63.601637] (-) TimerEvent: {}
[63.703106] (-) TimerEvent: {}
[63.804020] (-) TimerEvent: {}
[63.906625] (-) TimerEvent: {}
[64.007740] (-) TimerEvent: {}
[64.109816] (-) TimerEvent: {}
[64.211629] (-) TimerEvent: {}
[64.312866] (-) TimerEvent: {}
[64.416626] (-) TimerEvent: {}
[64.517798] (-) TimerEvent: {}
[64.619108] (-) TimerEvent: {}
[64.722637] (-) TimerEvent: {}
[64.823587] (-) TimerEvent: {}
[64.924743] (-) TimerEvent: {}
[65.026027] (-) TimerEvent: {}
[65.127654] (-) TimerEvent: {}
[65.231139] (-) TimerEvent: {}
[65.332143] (-) TimerEvent: {}
[65.433073] (-) TimerEvent: {}
[65.534059] (-) TimerEvent: {}
[65.637621] (-) TimerEvent: {}
[65.738494] (-) TimerEvent: {}
[65.839602] (-) TimerEvent: {}
[65.940590] (-) TimerEvent: {}
[66.043184] (-) TimerEvent: {}
[66.144187] (-) TimerEvent: {}
[66.247625] (-) TimerEvent: {}
[66.348497] (-) TimerEvent: {}
[66.449760] (-) TimerEvent: {}
[66.551840] (-) TimerEvent: {}
[66.662841] (-) TimerEvent: {}
[66.765349] (-) TimerEvent: {}
[66.866671] (-) TimerEvent: {}
[66.968636] (-) TimerEvent: {}
[67.069536] (-) TimerEvent: {}
[67.170450] (-) TimerEvent: {}
[67.275686] (-) TimerEvent: {}
[67.376812] (-) TimerEvent: {}
[67.477910] (-) TimerEvent: {}
[67.578953] (-) TimerEvent: {}
[67.681623] (-) TimerEvent: {}
[67.782543] (-) TimerEvent: {}
[67.883474] (-) TimerEvent: {}
[67.988802] (-) TimerEvent: {}
[68.089975] (-) TimerEvent: {}
[68.190916] (-) TimerEvent: {}
[68.292133] (-) TimerEvent: {}
[68.394103] (-) TimerEvent: {}
[68.497624] (-) TimerEvent: {}
[68.598647] (-) TimerEvent: {}
[68.699734] (-) TimerEvent: {}
[68.802673] (-) TimerEvent: {}
[68.907015] (-) TimerEvent: {}
[69.009001] (-) TimerEvent: {}
[69.116332] (-) TimerEvent: {}
[69.219616] (-) TimerEvent: {}
[69.326493] (-) TimerEvent: {}
[69.432981] (-) TimerEvent: {}
[69.537335] (-) TimerEvent: {}
[69.638501] (-) TimerEvent: {}
[69.747599] (-) TimerEvent: {}
[69.852040] (-) TimerEvent: {}
[69.954417] (-) TimerEvent: {}
[70.059629] (-) TimerEvent: {}
[70.163632] (-) TimerEvent: {}
[70.271625] (-) TimerEvent: {}
[70.374460] (-) TimerEvent: {}
[70.475948] (-) TimerEvent: {}
[70.583752] (-) TimerEvent: {}
[70.690033] (-) TimerEvent: {}
[70.792430] (-) TimerEvent: {}
[70.894326] (-) TimerEvent: {}
[70.995667] (-) TimerEvent: {}
[71.099039] (-) TimerEvent: {}
[71.202746] (-) TimerEvent: {}
[71.306618] (-) TimerEvent: {}
[71.410276] (-) TimerEvent: {}
[71.513431] (-) TimerEvent: {}
[71.614777] (-) TimerEvent: {}
[71.719701] (-) TimerEvent: {}
[71.821937] (-) TimerEvent: {}
[71.929674] (-) TimerEvent: {}
[72.032120] (-) TimerEvent: {}
[72.136680] (-) TimerEvent: {}
[72.238737] (-) TimerEvent: {}
[72.340668] (-) TimerEvent: {}
[72.444091] (-) TimerEvent: {}
[72.547230] (-) TimerEvent: {}
[72.651900] (-) TimerEvent: {}
[72.761691] (-) TimerEvent: {}
[72.864453] (-) TimerEvent: {}
[72.973879] (-) TimerEvent: {}
[73.076464] (-) TimerEvent: {}
[73.179923] (-) TimerEvent: {}
[73.290411] (-) TimerEvent: {}
[73.395902] (-) TimerEvent: {}
[73.505680] (-) TimerEvent: {}
[73.609647] (-) TimerEvent: {}
[73.710706] (-) TimerEvent: {}
[73.815410] (-) TimerEvent: {}
[73.927114] (-) TimerEvent: {}
[74.039659] (-) TimerEvent: {}
[74.144627] (-) TimerEvent: {}
[74.246491] (-) TimerEvent: {}
[74.352878] (-) TimerEvent: {}
[74.467875] (-) TimerEvent: {}
[74.574114] (-) TimerEvent: {}
[74.675109] (-) TimerEvent: {}
[74.778289] (-) TimerEvent: {}
[74.879984] (-) TimerEvent: {}
[74.982482] (-) TimerEvent: {}
[75.108355] (-) TimerEvent: {}
[75.215123] (-) TimerEvent: {}
[75.316981] (-) TimerEvent: {}
[75.444925] (-) TimerEvent: {}
[75.547701] (-) TimerEvent: {}
[75.659628] (-) TimerEvent: {}
[75.762944] (-) TimerEvent: {}
[75.866899] (-) TimerEvent: {}
[75.967682] (-) TimerEvent: {}
[76.070568] (-) TimerEvent: {}
[76.171169] (-) TimerEvent: {}
[76.273791] (-) TimerEvent: {}
[76.375637] (-) TimerEvent: {}
[76.476395] (-) TimerEvent: {}
[76.579747] (-) TimerEvent: {}
[76.680311] (-) TimerEvent: {}
[76.780883] (-) TimerEvent: {}
[76.881437] (-) TimerEvent: {}
[76.982472] (-) TimerEvent: {}
[77.085181] (-) TimerEvent: {}
[77.194216] (-) TimerEvent: {}
[77.302169] (-) TimerEvent: {}
[77.419632] (-) TimerEvent: {}
[77.520200] (-) TimerEvent: {}
[77.622682] (-) TimerEvent: {}
[77.723321] (-) TimerEvent: {}
[77.823933] (-) TimerEvent: {}
[77.927981] (-) TimerEvent: {}
[78.028805] (-) TimerEvent: {}
[78.129988] (-) TimerEvent: {}
[78.234811] (-) TimerEvent: {}
[78.338473] (-) TimerEvent: {}
[78.442460] (-) TimerEvent: {}
[78.545126] (-) TimerEvent: {}
[78.646631] (-) TimerEvent: {}
[78.752646] (-) TimerEvent: {}
[78.858666] (-) TimerEvent: {}
[78.967620] (-) TimerEvent: {}
[79.070648] (-) TimerEvent: {}
[79.175620] (-) TimerEvent: {}
[79.287668] (-) TimerEvent: {}
[79.389018] (-) TimerEvent: {}
[79.492635] (-) TimerEvent: {}
[79.599397] (-) TimerEvent: {}
[79.706070] (-) TimerEvent: {}
[79.815639] (-) TimerEvent: {}
[79.916193] (-) TimerEvent: {}
[80.017828] (-) TimerEvent: {}
[80.122015] (-) TimerEvent: {}
[80.223625] (-) TimerEvent: {}
[80.329621] (-) TimerEvent: {}
[80.434710] (-) TimerEvent: {}
[80.535550] (-) TimerEvent: {}
[80.642397] (-) TimerEvent: {}
[80.752624] (-) TimerEvent: {}
[80.853809] (-) TimerEvent: {}
[80.956575] (-) TimerEvent: {}
[81.057867] (-) TimerEvent: {}
[81.163913] (-) TimerEvent: {}
[81.265003] (-) TimerEvent: {}
[81.371082] (-) TimerEvent: {}
[81.473384] (-) TimerEvent: {}
[81.578905] (-) TimerEvent: {}
[81.679985] (-) TimerEvent: {}
[81.783969] (-) TimerEvent: {}
[81.885764] (-) TimerEvent: {}
[81.987416] (-) TimerEvent: {}
[82.088494] (-) TimerEvent: {}
[82.201266] (-) TimerEvent: {}
[82.309625] (-) TimerEvent: {}
[82.411276] (-) TimerEvent: {}
[82.512339] (-) TimerEvent: {}
[82.613579] (-) TimerEvent: {}
[82.726631] (-) TimerEvent: {}
[82.828823] (-) TimerEvent: {}
[82.931885] (-) TimerEvent: {}
[83.037897] (-) TimerEvent: {}
[83.139792] (-) TimerEvent: {}
[83.243634] (-) TimerEvent: {}
[83.346221] (-) TimerEvent: {}
[83.447218] (-) TimerEvent: {}
[83.553620] (-) TimerEvent: {}
[83.655624] (-) TimerEvent: {}
[83.757525] (-) TimerEvent: {}
[83.859846] (-) TimerEvent: {}
[83.970921] (-) TimerEvent: {}
[84.082620] (-) TimerEvent: {}
[84.184874] (-) TimerEvent: {}
[84.288910] (-) TimerEvent: {}
[84.389639] (-) TimerEvent: {}
[84.493662] (-) TimerEvent: {}
[84.595786] (-) TimerEvent: {}
[84.700067] (-) TimerEvent: {}
[84.802422] (-) TimerEvent: {}
[84.908784] (-) TimerEvent: {}
[85.014698] (-) TimerEvent: {}
[85.116826] (-) TimerEvent: {}
[85.222753] (-) TimerEvent: {}
[85.323760] (-) TimerEvent: {}
[85.425696] (-) TimerEvent: {}
[85.532579] (-) TimerEvent: {}
[85.647649] (-) TimerEvent: {}
[85.750716] (-) TimerEvent: {}
[85.854625] (-) TimerEvent: {}
[85.955763] (-) TimerEvent: {}
[86.059939] (-) TimerEvent: {}
[86.163624] (-) TimerEvent: {}
[86.270489] (-) TimerEvent: {}
[86.381630] (-) TimerEvent: {}
[86.483624] (-) TimerEvent: {}
[86.521218] (turtlebot3_fake_node) StdoutLine: {'line': b'[100%] \x1b[32m\x1b[1mLinking CXX executable turtlebot3_fake_node\x1b[0m\n'}
[86.585047] (-) TimerEvent: {}
[86.691133] (-) TimerEvent: {}
[86.791751] (-) TimerEvent: {}
[86.892332] (-) TimerEvent: {}
[86.992961] (-) TimerEvent: {}
[87.099941] (-) TimerEvent: {}
[87.202597] (-) TimerEvent: {}
[87.304217] (-) TimerEvent: {}
[87.406709] (-) TimerEvent: {}
[87.512048] (-) TimerEvent: {}
[87.616457] (-) TimerEvent: {}
[87.728998] (-) TimerEvent: {}
[87.838048] (-) TimerEvent: {}
[87.943547] (-) TimerEvent: {}
[88.047274] (-) TimerEvent: {}
[88.159796] (-) TimerEvent: {}
[88.260892] (-) TimerEvent: {}
[88.362197] (-) TimerEvent: {}
[88.473789] (-) TimerEvent: {}
[88.578622] (-) TimerEvent: {}
[88.682097] (-) TimerEvent: {}
[88.783631] (-) TimerEvent: {}
[88.885706] (-) TimerEvent: {}
[88.987765] (-) TimerEvent: {}
[89.091703] (-) TimerEvent: {}
[89.193625] (-) TimerEvent: {}
[89.298387] (-) TimerEvent: {}
[89.403640] (-) TimerEvent: {}
[89.505755] (-) TimerEvent: {}
[89.608169] (-) TimerEvent: {}
[89.720626] (-) TimerEvent: {}
[89.821623] (-) TimerEvent: {}
[89.925746] (-) TimerEvent: {}
[90.029825] (-) TimerEvent: {}
[90.134950] (-) TimerEvent: {}
[90.240940] (-) TimerEvent: {}
[90.350654] (-) TimerEvent: {}
[90.453371] (-) TimerEvent: {}
[90.557152] (-) TimerEvent: {}
[90.664625] (-) TimerEvent: {}
[90.765273] (-) TimerEvent: {}
[90.866572] (-) TimerEvent: {}
[90.967729] (-) TimerEvent: {}
[91.072838] (-) TimerEvent: {}
[91.174443] (-) TimerEvent: {}
[91.279095] (-) TimerEvent: {}
[91.384022] (-) TimerEvent: {}
[91.485727] (-) TimerEvent: {}
[91.593880] (-) TimerEvent: {}
[91.695116] (-) TimerEvent: {}
[91.801397] (-) TimerEvent: {}
[91.904629] (-) TimerEvent: {}
[92.010677] (-) TimerEvent: {}
[92.112178] (-) TimerEvent: {}
[92.207721] (turtlebot3_fake_node) StdoutLine: {'line': b'[100%] Built target turtlebot3_fake_node\n'}
[92.214685] (-) TimerEvent: {}
[92.316126] (-) TimerEvent: {}
[92.397876] (turtlebot3_fake_node) CommandEnded: {'returncode': 0}
[92.418218] (turtlebot3_fake_node) JobProgress: {'identifier': 'turtlebot3_fake_node', 'progress': 'install'}
[92.418379] (-) TimerEvent: {}
[92.483424] (turtlebot3_fake_node) Command: {'cmd': ['/usr/bin/cmake', '--install', '/home/asad/turtlebot0/build/turtlebot3_fake_node'], 'cwd': '/home/asad/turtlebot0/build/turtlebot3_fake_node', 'env': OrderedDict([('LESSOPEN', '| /usr/bin/lesspipe %s'), ('USER', 'asad'), ('LC_TIME', 'ur_PK'), ('XDG_SESSION_TYPE', 'wayland'), ('SHLVL', '1'), ('LD_LIBRARY_PATH', '/usr/lib/x86_64-linux-gnu/gazebo-11/plugins:/opt/ros/humble/opt/rviz_ogre_vendor/lib:/opt/ros/humble/lib/x86_64-linux-gnu:/opt/ros/humble/lib:/usr/lib/x86_64-linux-gnu/gazebo-11/plugins::/usr/lib/x86_64-linux-gnu/gazebo-11/plugins:/usr/lib/x86_64-linux-gnu/gazebo-11/plugins:'), ('HOME', '/home/asad'), ('OLDPWD', '/home/asad'), ('DESKTOP_SESSION', 'ubuntu'), ('GAZEBO_MASTER_URI', 'http://localhost:11345'), ('ROS_PYTHON_VERSION', '3'), ('GNOME_SHELL_SESSION_MODE', 'ubuntu'), ('GTK_MODULES', 'gail:atk-bridge'), ('LC_MONETARY', 'ur_PK'), ('SYSTEMD_EXEC_PID', '7112'), ('DBUS_SESSION_BUS_ADDRESS', 'unix:path=/run/user/1000/bus'), ('COLORTERM', 'truecolor'), ('IM_CONFIG_PHASE', '1'), ('WAYLAND_DISPLAY', 'wayland-0'), ('COLCON_PREFIX_PATH', '/home/asad/turtlebot0/install'), ('ROS_DISTRO', 'humble'), ('LOGNAME', 'asad'), ('_', '/usr/bin/colcon'), ('ROS_VERSION', '2'), ('XDG_SESSION_CLASS', 'user'), ('USERNAME', 'asad'), ('TERM', 'xterm-256color'), ('GAZEBO_MODEL_PATH', '/usr/share/gazebo-11/models:/usr/share/gazebo-11/models:'), ('GNOME_DESKTOP_SESSION_ID', 'this-is-deprecated'), ('ROS_LOCALHOST_ONLY', '0'), ('OGRE_RESOURCE_PATH', '/usr/lib/x86_64-linux-gnu/OGRE-1.9.0'), ('PATH', '/opt/ros/humble/bin:/home/asad/.local/bin:/usr/local/sbin:/usr/local/bin:/usr/sbin:/usr/bin:/sbin:/bin:/usr/games:/usr/local/games:/snap/bin:/snap/bin'), ('SESSION_MANAGER', 'local/asad-7G-Series:@/tmp/.ICE-unix/1375,unix/asad-7G-Series:/tmp/.ICE-unix/1375'), ('XDG_MENU_PREFIX', 'gnome-'), ('LC_ADDRESS', 'ur_PK'), ('GNOME_TERMINAL_SCREEN', '/org/gnome/Terminal/screen/77e9e29f_050e_41c6_98d6_fbaabbc9cb12'), ('GNOME_SETUP_DISPLAY', ':1'), ('XDG_RUNTIME_DIR', '/run/user/1000'), ('DISPLAY', ':0'), ('LANG', 'en_US.UTF-8'), ('XDG_CURRENT_DESKTOP', 'ubuntu:GNOME'), ('LC_TELEPHONE', 'ur_PK'), ('XMODIFIERS', '@im=ibus'), ('XDG_SESSION_DESKTOP', 'ubuntu'), ('XAUTHORITY', '/run/user/1000/.mutter-Xwaylandauth.7R9U52'), ('LS_COLORS', 'rs=0:di=01;34:ln=01;36:mh=00:pi=40;33:so=01;35:do=01;35:bd=40;33;01:cd=40;33;01:or=40;31;01:mi=00:su=37;41:sg=30;43:ca=30;41:tw=30;42:ow=34;42:st=37;44:ex=01;32:*.tar=01;31:*.tgz=01;31:*.arc=01;31:*.arj=01;31:*.taz=01;31:*.lha=01;31:*.lz4=01;31:*.lzh=01;31:*.lzma=01;31:*.tlz=01;31:*.txz=01;31:*.tzo=01;31:*.t7z=01;31:*.zip=01;31:*.z=01;31:*.dz=01;31:*.gz=01;31:*.lrz=01;31:*.lz=01;31:*.lzo=01;31:*.xz=01;31:*.zst=01;31:*.tzst=01;31:*.bz2=01;31:*.bz=01;31:*.tbz=01;31:*.tbz2=01;31:*.tz=01;31:*.deb=01;31:*.rpm=01;31:*.jar=01;31:*.war=01;31:*.ear=01;31:*.sar=01;31:*.rar=01;31:*.alz=01;31:*.ace=01;31:*.zoo=01;31:*.cpio=01;31:*.7z=01;31:*.rz=01;31:*.cab=01;31:*.wim=01;31:*.swm=01;31:*.dwm=01;31:*.esd=01;31:*.jpg=01;35:*.jpeg=01;35:*.mjpg=01;35:*.mjpeg=01;35:*.gif=01;35:*.bmp=01;35:*.pbm=01;35:*.pgm=01;35:*.ppm=01;35:*.tga=01;35:*.xbm=01;35:*.xpm=01;35:*.tif=01;35:*.tiff=01;35:*.png=01;35:*.svg=01;35:*.svgz=01;35:*.mng=01;35:*.pcx=01;35:*.mov=01;35:*.mpg=01;35:*.mpeg=01;35:*.m2v=01;35:*.mkv=01;35:*.webm=01;35:*.webp=01;35:*.ogm=01;35:*.mp4=01;35:*.m4v=01;35:*.mp4v=01;35:*.vob=01;35:*.qt=01;35:*.nuv=01;35:*.wmv=01;35:*.asf=01;35:*.rm=01;35:*.rmvb=01;35:*.flc=01;35:*.avi=01;35:*.fli=01;35:*.flv=01;35:*.gl=01;35:*.dl=01;35:*.xcf=01;35:*.xwd=01;35:*.yuv=01;35:*.cgm=01;35:*.emf=01;35:*.ogv=01;35:*.ogx=01;35:*.aac=00;36:*.au=00;36:*.flac=00;36:*.m4a=00;36:*.mid=00;36:*.midi=00;36:*.mka=00;36:*.mp3=00;36:*.mpc=00;36:*.ogg=00;36:*.ra=00;36:*.wav=00;36:*.oga=00;36:*.opus=00;36:*.spx=00;36:*.xspf=00;36:'), ('GNOME_TERMINAL_SERVICE', ':1.140'), ('SSH_AGENT_LAUNCHER', 'gnome-keyring'), ('SSH_AUTH_SOCK', '/run/user/1000/keyring/ssh'), ('AMENT_PREFIX_PATH', '/home/asad/turtlebot0/install/turtlebot_dqn:/home/asad/turtlebot0/install/turtlebot3_simulations:/home/asad/turtlebot0/install/turtlebot3_gazebo:/home/asad/turtlebot0/install/turtlebot3_fake_node:/opt/ros/humble'), ('SHELL', '/bin/bash'), ('LC_NAME', 'ur_PK'), ('QT_ACCESSIBILITY', '1'), ('GDMSESSION', 'ubuntu'), ('LESSCLOSE', '/usr/bin/lesspipe %s %s'), ('LC_MEASUREMENT', 'ur_PK'), ('GAZEBO_RESOURCE_PATH', '/usr/share/gazebo-11:/usr/share/gazebo-11:'), ('LC_IDENTIFICATION', 'ur_PK'), ('GAZEBO_MODEL_DATABASE_URI', 'http://models.gazebosim.org'), ('QT_IM_MODULE', 'ibus'), ('PWD', '/home/asad/turtlebot0/build/turtlebot3_fake_node'), ('TURTLEBOT3_MODEL', 'burger'), ('LC_ALL', 'en_US.UTF-8'), ('XDG_CONFIG_DIRS', '/etc/xdg/xdg-ubuntu:/etc/xdg'), ('GAZEBO_PLUGIN_PATH', '/usr/lib/x86_64-linux-gnu/gazebo-11/plugins:/usr/lib/x86_64-linux-gnu/gazebo-11/plugins:'), ('XDG_DATA_DIRS', '/usr/share/ubuntu:/usr/local/share/:/usr/share/:/var/lib/snapd/desktop'), ('PYTHONPATH', '/home/asad/turtlebot0/install/turtlebot_dqn/lib/python3.10/site-packages:/opt/ros/humble/lib/python3.10/site-packages:/opt/ros/humble/local/lib/python3.10/dist-packages'), ('LC_NUMERIC', 'ur_PK'), ('LC_PAPER', 'ur_PK'), ('COLCON', '1'), ('VTE_VERSION', '6800'), ('CMAKE_PREFIX_PATH', '/home/asad/turtlebot0/install/turtlebot3_simulations:/home/asad/turtlebot0/install/turtlebot3_gazebo:/home/asad/turtlebot0/install/turtlebot3_fake_node:/home/asad/turtlebot0/install/turtlebot_dqn:/opt/ros/humble')]), 'shell': False}
[92.520725] (-) TimerEvent: {}
[92.583741] (turtlebot3_fake_node) StdoutLine: {'line': b'-- Install configuration: ""\n'}
[92.595589] (turtlebot3_fake_node) StdoutLine: {'line': b'-- Execute custom install script\n'}
[92.596138] (turtlebot3_fake_node) StdoutLine: {'line': b'-- Up-to-date symlink: /home/asad/turtlebot0/install/turtlebot3_fake_node/lib/turtlebot3_fake_node/turtlebot3_fake_node\n'}
[92.616651] (turtlebot3_fake_node) StdoutLine: {'line': b'-- Up-to-date symlink: /home/asad/turtlebot0/install/turtlebot3_fake_node/share/turtlebot3_fake_node/launch/rviz2.launch.py\n'}
[92.617161] (turtlebot3_fake_node) StdoutLine: {'line': b'-- Up-to-date symlink: /home/asad/turtlebot0/install/turtlebot3_fake_node/share/turtlebot3_fake_node/launch/turtlebot3_fake_node.launch.py\n'}
[92.617487] (turtlebot3_fake_node) StdoutLine: {'line': b'-- Up-to-date symlink: /home/asad/turtlebot0/install/turtlebot3_fake_node/share/turtlebot3_fake_node/param/burger.yaml\n'}
[92.621533] (-) TimerEvent: {}
[92.627079] (turtlebot3_fake_node) StdoutLine: {'line': b'-- Up-to-date symlink: /home/asad/turtlebot0/install/turtlebot3_fake_node/share/turtlebot3_fake_node/param/waffle.yaml\n'}
[92.646571] (turtlebot3_fake_node) StdoutLine: {'line': b'-- Up-to-date symlink: /home/asad/turtlebot0/install/turtlebot3_fake_node/share/turtlebot3_fake_node/param/waffle_pi.yaml\n'}
[92.647798] (turtlebot3_fake_node) StdoutLine: {'line': b'-- Up-to-date symlink: /home/asad/turtlebot0/install/turtlebot3_fake_node/include//turtlebot3_fake_node/turtlebot3_fake_node.hpp\n'}
[92.648352] (turtlebot3_fake_node) StdoutLine: {'line': b'-- Up-to-date symlink: /home/asad/turtlebot0/install/turtlebot3_fake_node/share/ament_index/resource_index/package_run_dependencies/turtlebot3_fake_node\n'}
[92.661192] (turtlebot3_fake_node) StdoutLine: {'line': b'-- Up-to-date symlink: /home/asad/turtlebot0/install/turtlebot3_fake_node/share/ament_index/resource_index/parent_prefix_path/turtlebot3_fake_node\n'}
[92.683205] (turtlebot3_fake_node) StdoutLine: {'line': b'-- Up-to-date symlink: /home/asad/turtlebot0/install/turtlebot3_fake_node/share/turtlebot3_fake_node/environment/ament_prefix_path.sh\n'}
[92.683698] (turtlebot3_fake_node) StdoutLine: {'line': b'-- Up-to-date symlink: /home/asad/turtlebot0/install/turtlebot3_fake_node/share/turtlebot3_fake_node/environment/ament_prefix_path.dsv\n'}
[92.684000] (turtlebot3_fake_node) StdoutLine: {'line': b'-- Up-to-date symlink: /home/asad/turtlebot0/install/turtlebot3_fake_node/share/turtlebot3_fake_node/environment/path.sh\n'}
[92.691669] (turtlebot3_fake_node) StdoutLine: {'line': b'-- Up-to-date symlink: /home/asad/turtlebot0/install/turtlebot3_fake_node/share/turtlebot3_fake_node/environment/path.dsv\n'}
[92.692164] (turtlebot3_fake_node) StdoutLine: {'line': b'-- Up-to-date symlink: /home/asad/turtlebot0/install/turtlebot3_fake_node/share/turtlebot3_fake_node/local_setup.bash\n'}
[92.692463] (turtlebot3_fake_node) StdoutLine: {'line': b'-- Up-to-date symlink: /home/asad/turtlebot0/install/turtlebot3_fake_node/share/turtlebot3_fake_node/local_setup.sh\n'}
[92.699967] (turtlebot3_fake_node) StdoutLine: {'line': b'-- Up-to-date symlink: /home/asad/turtlebot0/install/turtlebot3_fake_node/share/turtlebot3_fake_node/local_setup.zsh\n'}
[92.700507] (turtlebot3_fake_node) StdoutLine: {'line': b'-- Up-to-date symlink: /home/asad/turtlebot0/install/turtlebot3_fake_node/share/turtlebot3_fake_node/local_setup.dsv\n'}
[92.702897] (turtlebot3_fake_node) StdoutLine: {'line': b'-- Symlinking: /home/asad/turtlebot0/install/turtlebot3_fake_node/share/turtlebot3_fake_node/package.dsv\n'}
[92.721633] (-) TimerEvent: {}
[92.772125] (turtlebot3_fake_node) StdoutLine: {'line': b'-- Up-to-date symlink: /home/asad/turtlebot0/install/turtlebot3_fake_node/share/ament_index/resource_index/packages/turtlebot3_fake_node\n'}
[92.779590] (turtlebot3_fake_node) StdoutLine: {'line': b'-- Up-to-date symlink: /home/asad/turtlebot0/install/turtlebot3_fake_node/share/turtlebot3_fake_node/cmake/ament_cmake_export_include_directories-extras.cmake\n'}
[92.785089] (turtlebot3_fake_node) StdoutLine: {'line': b'-- Up-to-date symlink: /home/asad/turtlebot0/install/turtlebot3_fake_node/share/turtlebot3_fake_node/cmake/ament_cmake_export_dependencies-extras.cmake\n'}
[92.788273] (turtlebot3_fake_node) StdoutLine: {'line': b'-- Up-to-date symlink: /home/asad/turtlebot0/install/turtlebot3_fake_node/share/turtlebot3_fake_node/cmake/turtlebot3_fake_nodeConfig.cmake\n'}
[92.788660] (turtlebot3_fake_node) StdoutLine: {'line': b'-- Up-to-date symlink: /home/asad/turtlebot0/install/turtlebot3_fake_node/share/turtlebot3_fake_node/cmake/turtlebot3_fake_nodeConfig-version.cmake\n'}
[92.792161] (turtlebot3_fake_node) StdoutLine: {'line': b'-- Up-to-date symlink: /home/asad/turtlebot0/install/turtlebot3_fake_node/share/turtlebot3_fake_node/package.xml\n'}
[92.813912] (turtlebot3_fake_node) CommandEnded: {'returncode': 0}
[92.821881] (-) TimerEvent: {}
[92.941850] (-) TimerEvent: {}
[93.033239] (turtlebot3_fake_node) JobEnded: {'identifier': 'turtlebot3_fake_node', 'rc': 0}
[93.043005] (-) TimerEvent: {}
[93.146534] (-) TimerEvent: {}
[93.250568] (-) TimerEvent: {}
[93.355869] (-) TimerEvent: {}
[93.465715] (-) TimerEvent: {}
[93.566777] (-) TimerEvent: {}
[93.670420] (-) TimerEvent: {}
[93.776822] (-) TimerEvent: {}
[93.878447] (-) TimerEvent: {}
[93.983463] (-) TimerEvent: {}
[94.085122] (-) TimerEvent: {}
[94.196118] (-) TimerEvent: {}
[94.301571] (-) TimerEvent: {}
[94.404622] (-) TimerEvent: {}
[94.508853] (-) TimerEvent: {}
[94.615059] (-) TimerEvent: {}
[94.720242] (-) TimerEvent: {}
[94.822952] (-) TimerEvent: {}
[94.925660] (-) TimerEvent: {}
[95.026932] (-) TimerEvent: {}
[95.133364] (-) TimerEvent: {}
[95.240409] (-) TimerEvent: {}
[95.345910] (-) TimerEvent: {}
[95.454614] (-) TimerEvent: {}
[95.557630] (-) TimerEvent: {}
[95.665333] (-) TimerEvent: {}
[95.771819] (-) TimerEvent: {}
[95.876505] (-) TimerEvent: {}
[95.981683] (-) TimerEvent: {}
[96.090980] (-) TimerEvent: {}
[96.176182] (turtlebot3_gazebo) StdoutLine: {'line': b'[ 62%] \x1b[32m\x1b[1mLinking CXX executable turtlebot3_drive\x1b[0m\n'}
[96.191565] (-) TimerEvent: {}
[96.304393] (-) TimerEvent: {}
[96.414485] (-) TimerEvent: {}
[96.517624] (-) TimerEvent: {}
[96.623743] (-) TimerEvent: {}
[96.725030] (-) TimerEvent: {}
[96.825836] (-) TimerEvent: {}
[96.929693] (-) TimerEvent: {}
[97.030848] (-) TimerEvent: {}
[97.137902] (-) TimerEvent: {}
[97.239341] (-) TimerEvent: {}
[97.340219] (-) TimerEvent: {}
[97.440794] (-) TimerEvent: {}
[97.544416] (-) TimerEvent: {}
[97.648106] (-) TimerEvent: {}
[97.751074] (-) TimerEvent: {}
[97.852895] (-) TimerEvent: {}
[97.956124] (-) TimerEvent: {}
[98.057550] (-) TimerEvent: {}
[98.158703] (-) TimerEvent: {}
[98.260903] (-) TimerEvent: {}
[98.363367] (-) TimerEvent: {}
[98.465449] (-) TimerEvent: {}
[98.569854] (-) TimerEvent: {}
[98.673998] (-) TimerEvent: {}
[98.775143] (-) TimerEvent: {}
[98.877076] (-) TimerEvent: {}
[98.982457] (-) TimerEvent: {}
[99.084372] (-) TimerEvent: {}
[99.186949] (-) TimerEvent: {}
[99.296048] (-) TimerEvent: {}
[99.401640] (-) TimerEvent: {}
[99.504596] (-) TimerEvent: {}
[99.569908] (turtlebot3_gazebo) StdoutLine: {'line': b'[ 62%] Built target turtlebot3_drive\n'}
[99.605150] (-) TimerEvent: {}
[99.706615] (-) TimerEvent: {}
[99.807880] (-) TimerEvent: {}
[99.909780] (-) TimerEvent: {}
[100.012354] (-) TimerEvent: {}
[100.114485] (-) TimerEvent: {}
[100.216246] (-) TimerEvent: {}
[100.318130] (-) TimerEvent: {}
[100.420102] (-) TimerEvent: {}
[100.522308] (-) TimerEvent: {}
[100.624760] (-) TimerEvent: {}
[100.725875] (-) TimerEvent: {}
[100.827835] (-) TimerEvent: {}
[100.929439] (-) TimerEvent: {}
[101.031675] (-) TimerEvent: {}
[101.134646] (-) TimerEvent: {}
[101.236100] (-) TimerEvent: {}
[101.340690] (-) TimerEvent: {}
[101.442427] (-) TimerEvent: {}
[101.544682] (-) TimerEvent: {}
[101.645833] (-) TimerEvent: {}
[101.747492] (-) TimerEvent: {}
[101.851912] (-) TimerEvent: {}
[101.954214] (-) TimerEvent: {}
[102.055244] (-) TimerEvent: {}
[102.157498] (-) TimerEvent: {}
[102.259589] (-) TimerEvent: {}
[102.366269] (-) TimerEvent: {}
[102.468629] (-) TimerEvent: {}
[102.570143] (-) TimerEvent: {}
[102.673088] (-) TimerEvent: {}
[102.774315] (-) TimerEvent: {}
[102.876631] (-) TimerEvent: {}
[102.978669] (-) TimerEvent: {}
[103.083084] (-) TimerEvent: {}
[103.184361] (-) TimerEvent: {}
[103.287620] (-) TimerEvent: {}
[103.389885] (-) TimerEvent: {}
[103.490483] (-) TimerEvent: {}
[103.594023] (-) TimerEvent: {}
[103.700257] (-) TimerEvent: {}
[103.805864] (-) TimerEvent: {}
[103.911720] (-) TimerEvent: {}
[104.012252] (-) TimerEvent: {}
[104.115720] (-) TimerEvent: {}
[104.217800] (-) TimerEvent: {}
[104.319491] (-) TimerEvent: {}
[104.420932] (-) TimerEvent: {}
[104.524349] (-) TimerEvent: {}
[104.625775] (-) TimerEvent: {}
[104.727760] (-) TimerEvent: {}
[104.835298] (-) TimerEvent: {}
[104.944038] (-) TimerEvent: {}
[105.049926] (-) TimerEvent: {}
[105.154223] (-) TimerEvent: {}
[105.258638] (-) TimerEvent: {}
[105.364592] (-) TimerEvent: {}
[105.465754] (-) TimerEvent: {}
[105.568429] (-) TimerEvent: {}
[105.670658] (-) TimerEvent: {}
[105.782590] (-) TimerEvent: {}
[105.883393] (-) TimerEvent: {}
[105.985941] (-) TimerEvent: {}
[106.087482] (-) TimerEvent: {}
[106.190164] (-) TimerEvent: {}
[106.292640] (-) TimerEvent: {}
[106.393475] (-) TimerEvent: {}
[106.496045] (-) TimerEvent: {}
[106.598810] (-) TimerEvent: {}
[106.701922] (-) TimerEvent: {}
[106.804637] (-) TimerEvent: {}
[106.905671] (-) TimerEvent: {}
[107.006710] (-) TimerEvent: {}
[107.108960] (-) TimerEvent: {}
[107.211070] (-) TimerEvent: {}
[107.314624] (-) TimerEvent: {}
[107.415679] (-) TimerEvent: {}
[107.518741] (-) TimerEvent: {}
[107.619994] (-) TimerEvent: {}
[107.721575] (-) TimerEvent: {}
[107.823965] (-) TimerEvent: {}
[107.927278] (-) TimerEvent: {}
[108.030220] (-) TimerEvent: {}
[108.132955] (-) TimerEvent: {}
[108.236488] (-) TimerEvent: {}
[108.340144] (-) TimerEvent: {}
[108.447632] (-) TimerEvent: {}
[108.550627] (-) TimerEvent: {}
[108.660631] (-) TimerEvent: {}
[108.761154] (-) TimerEvent: {}
[108.863672] (-) TimerEvent: {}
[108.964579] (-) TimerEvent: {}
[109.073817] (-) TimerEvent: {}
[109.175618] (-) TimerEvent: {}
[109.277641] (-) TimerEvent: {}
[109.378839] (-) TimerEvent: {}
[109.482941] (-) TimerEvent: {}
[109.584108] (-) TimerEvent: {}
[109.688278] (-) TimerEvent: {}
[109.791335] (-) TimerEvent: {}
[109.892084] (-) TimerEvent: {}
[109.994619] (-) TimerEvent: {}
[110.097309] (-) TimerEvent: {}
[110.216140] (-) TimerEvent: {}
[110.324653] (-) TimerEvent: {}
[110.430759] (-) TimerEvent: {}
[110.531931] (-) TimerEvent: {}
[110.635759] (-) TimerEvent: {}
[110.736784] (-) TimerEvent: {}
[110.838065] (-) TimerEvent: {}
[110.940629] (-) TimerEvent: {}
[111.044273] (-) TimerEvent: {}
[111.146465] (-) TimerEvent: {}
[111.248787] (-) TimerEvent: {}
[111.352857] (-) TimerEvent: {}
[111.455559] (-) TimerEvent: {}
[111.559812] (-) TimerEvent: {}
[111.661029] (-) TimerEvent: {}
[111.764915] (-) TimerEvent: {}
[111.868292] (-) TimerEvent: {}
[111.970633] (-) TimerEvent: {}
[112.074638] (-) TimerEvent: {}
[112.178203] (-) TimerEvent: {}
[112.280462] (-) TimerEvent: {}
[112.383702] (-) TimerEvent: {}
[112.484786] (-) TimerEvent: {}
[112.586232] (-) TimerEvent: {}
[112.689448] (-) TimerEvent: {}
[112.792445] (-) TimerEvent: {}
[112.895526] (-) TimerEvent: {}
[112.996592] (-) TimerEvent: {}
[113.099124] (-) TimerEvent: {}
[113.202422] (-) TimerEvent: {}
[113.304439] (-) TimerEvent: {}
[113.405437] (-) TimerEvent: {}
[113.511266] (-) TimerEvent: {}
[113.612080] (-) TimerEvent: {}
[113.715046] (-) TimerEvent: {}
[113.816777] (-) TimerEvent: {}
[113.921216] (-) TimerEvent: {}
[114.024642] (-) TimerEvent: {}
[114.125580] (-) TimerEvent: {}
[114.227003] (-) TimerEvent: {}
[114.328928] (-) TimerEvent: {}
[114.430422] (-) TimerEvent: {}
[114.531850] (-) TimerEvent: {}
[114.634834] (-) TimerEvent: {}
[114.735711] (-) TimerEvent: {}
[114.838373] (-) TimerEvent: {}
[114.939346] (-) TimerEvent: {}
[115.041772] (-) TimerEvent: {}
[115.142470] (-) TimerEvent: {}
[115.161641] (turtlebot3_gazebo) StdoutLine: {'line': b'[ 75%] \x1b[32m\x1b[1mLinking CXX shared library libobstacle1.so\x1b[0m\n'}
[115.239620] (turtlebot3_gazebo) StdoutLine: {'line': b'[ 87%] \x1b[32m\x1b[1mLinking CXX shared library libobstacle2.so\x1b[0m\n'}
[115.242796] (-) TimerEvent: {}
[115.344946] (-) TimerEvent: {}
[115.446937] (-) TimerEvent: {}
[115.548746] (turtlebot3_gazebo) StdoutLine: {'line': b'[100%] \x1b[32m\x1b[1mLinking CXX shared library libobstacles.so\x1b[0m\n'}
[115.552080] (-) TimerEvent: {}
[115.655895] (-) TimerEvent: {}
[115.757580] (-) TimerEvent: {}
[115.861977] (-) TimerEvent: {}
[115.966053] (-) TimerEvent: {}
[116.067726] (-) TimerEvent: {}
[116.170422] (-) TimerEvent: {}
[116.276455] (-) TimerEvent: {}
[116.377799] (-) TimerEvent: {}
[116.485400] (-) TimerEvent: {}
[116.591000] (-) TimerEvent: {}
[116.675385] (turtlebot3_gazebo) StdoutLine: {'line': b'[100%] Built target obstacles\n'}
[116.691161] (-) TimerEvent: {}
[116.726276] (turtlebot3_gazebo) StdoutLine: {'line': b'[100%] Built target obstacle1\n'}
[116.776952] (turtlebot3_gazebo) StdoutLine: {'line': b'[100%] Built target obstacle2\n'}
[116.791556] (-) TimerEvent: {}
[116.825618] (turtlebot3_gazebo) CommandEnded: {'returncode': 0}
[116.831756] (turtlebot3_gazebo) JobProgress: {'identifier': 'turtlebot3_gazebo', 'progress': 'install'}
[116.836293] (turtlebot3_gazebo) Command: {'cmd': ['/usr/bin/cmake', '--install', '/home/asad/turtlebot0/build/turtlebot3_gazebo'], 'cwd': '/home/asad/turtlebot0/build/turtlebot3_gazebo', 'env': OrderedDict([('LESSOPEN', '| /usr/bin/lesspipe %s'), ('USER', 'asad'), ('LC_TIME', 'ur_PK'), ('XDG_SESSION_TYPE', 'wayland'), ('SHLVL', '1'), ('LD_LIBRARY_PATH', '/usr/lib/x86_64-linux-gnu/gazebo-11/plugins:/opt/ros/humble/opt/rviz_ogre_vendor/lib:/opt/ros/humble/lib/x86_64-linux-gnu:/opt/ros/humble/lib:/usr/lib/x86_64-linux-gnu/gazebo-11/plugins::/usr/lib/x86_64-linux-gnu/gazebo-11/plugins:/usr/lib/x86_64-linux-gnu/gazebo-11/plugins:'), ('HOME', '/home/asad'), ('OLDPWD', '/home/asad'), ('DESKTOP_SESSION', 'ubuntu'), ('GAZEBO_MASTER_URI', 'http://localhost:11345'), ('ROS_PYTHON_VERSION', '3'), ('GNOME_SHELL_SESSION_MODE', 'ubuntu'), ('GTK_MODULES', 'gail:atk-bridge'), ('LC_MONETARY', 'ur_PK'), ('SYSTEMD_EXEC_PID', '7112'), ('DBUS_SESSION_BUS_ADDRESS', 'unix:path=/run/user/1000/bus'), ('COLORTERM', 'truecolor'), ('IM_CONFIG_PHASE', '1'), ('WAYLAND_DISPLAY', 'wayland-0'), ('COLCON_PREFIX_PATH', '/home/asad/turtlebot0/install'), ('ROS_DISTRO', 'humble'), ('LOGNAME', 'asad'), ('_', '/usr/bin/colcon'), ('ROS_VERSION', '2'), ('XDG_SESSION_CLASS', 'user'), ('USERNAME', 'asad'), ('TERM', 'xterm-256color'), ('GAZEBO_MODEL_PATH', '/usr/share/gazebo-11/models:/usr/share/gazebo-11/models:'), ('GNOME_DESKTOP_SESSION_ID', 'this-is-deprecated'), ('ROS_LOCALHOST_ONLY', '0'), ('OGRE_RESOURCE_PATH', '/usr/lib/x86_64-linux-gnu/OGRE-1.9.0'), ('PATH', '/opt/ros/humble/bin:/home/asad/.local/bin:/usr/local/sbin:/usr/local/bin:/usr/sbin:/usr/bin:/sbin:/bin:/usr/games:/usr/local/games:/snap/bin:/snap/bin'), ('SESSION_MANAGER', 'local/asad-7G-Series:@/tmp/.ICE-unix/1375,unix/asad-7G-Series:/tmp/.ICE-unix/1375'), ('XDG_MENU_PREFIX', 'gnome-'), ('LC_ADDRESS', 'ur_PK'), ('GNOME_TERMINAL_SCREEN', '/org/gnome/Terminal/screen/77e9e29f_050e_41c6_98d6_fbaabbc9cb12'), ('GNOME_SETUP_DISPLAY', ':1'), ('XDG_RUNTIME_DIR', '/run/user/1000'), ('DISPLAY', ':0'), ('LANG', 'en_US.UTF-8'), ('XDG_CURRENT_DESKTOP', 'ubuntu:GNOME'), ('LC_TELEPHONE', 'ur_PK'), ('XMODIFIERS', '@im=ibus'), ('XDG_SESSION_DESKTOP', 'ubuntu'), ('XAUTHORITY', '/run/user/1000/.mutter-Xwaylandauth.7R9U52'), ('LS_COLORS', 'rs=0:di=01;34:ln=01;36:mh=00:pi=40;33:so=01;35:do=01;35:bd=40;33;01:cd=40;33;01:or=40;31;01:mi=00:su=37;41:sg=30;43:ca=30;41:tw=30;42:ow=34;42:st=37;44:ex=01;32:*.tar=01;31:*.tgz=01;31:*.arc=01;31:*.arj=01;31:*.taz=01;31:*.lha=01;31:*.lz4=01;31:*.lzh=01;31:*.lzma=01;31:*.tlz=01;31:*.txz=01;31:*.tzo=01;31:*.t7z=01;31:*.zip=01;31:*.z=01;31:*.dz=01;31:*.gz=01;31:*.lrz=01;31:*.lz=01;31:*.lzo=01;31:*.xz=01;31:*.zst=01;31:*.tzst=01;31:*.bz2=01;31:*.bz=01;31:*.tbz=01;31:*.tbz2=01;31:*.tz=01;31:*.deb=01;31:*.rpm=01;31:*.jar=01;31:*.war=01;31:*.ear=01;31:*.sar=01;31:*.rar=01;31:*.alz=01;31:*.ace=01;31:*.zoo=01;31:*.cpio=01;31:*.7z=01;31:*.rz=01;31:*.cab=01;31:*.wim=01;31:*.swm=01;31:*.dwm=01;31:*.esd=01;31:*.jpg=01;35:*.jpeg=01;35:*.mjpg=01;35:*.mjpeg=01;35:*.gif=01;35:*.bmp=01;35:*.pbm=01;35:*.pgm=01;35:*.ppm=01;35:*.tga=01;35:*.xbm=01;35:*.xpm=01;35:*.tif=01;35:*.tiff=01;35:*.png=01;35:*.svg=01;35:*.svgz=01;35:*.mng=01;35:*.pcx=01;35:*.mov=01;35:*.mpg=01;35:*.mpeg=01;35:*.m2v=01;35:*.mkv=01;35:*.webm=01;35:*.webp=01;35:*.ogm=01;35:*.mp4=01;35:*.m4v=01;35:*.mp4v=01;35:*.vob=01;35:*.qt=01;35:*.nuv=01;35:*.wmv=01;35:*.asf=01;35:*.rm=01;35:*.rmvb=01;35:*.flc=01;35:*.avi=01;35:*.fli=01;35:*.flv=01;35:*.gl=01;35:*.dl=01;35:*.xcf=01;35:*.xwd=01;35:*.yuv=01;35:*.cgm=01;35:*.emf=01;35:*.ogv=01;35:*.ogx=01;35:*.aac=00;36:*.au=00;36:*.flac=00;36:*.m4a=00;36:*.mid=00;36:*.midi=00;36:*.mka=00;36:*.mp3=00;36:*.mpc=00;36:*.ogg=00;36:*.ra=00;36:*.wav=00;36:*.oga=00;36:*.opus=00;36:*.spx=00;36:*.xspf=00;36:'), ('GNOME_TERMINAL_SERVICE', ':1.140'), ('SSH_AGENT_LAUNCHER', 'gnome-keyring'), ('SSH_AUTH_SOCK', '/run/user/1000/keyring/ssh'), ('AMENT_PREFIX_PATH', '/home/asad/turtlebot0/install/turtlebot_dqn:/home/asad/turtlebot0/install/turtlebot3_simulations:/home/asad/turtlebot0/install/turtlebot3_gazebo:/home/asad/turtlebot0/install/turtlebot3_fake_node:/opt/ros/humble'), ('SHELL', '/bin/bash'), ('LC_NAME', 'ur_PK'), ('QT_ACCESSIBILITY', '1'), ('GDMSESSION', 'ubuntu'), ('LESSCLOSE', '/usr/bin/lesspipe %s %s'), ('LC_MEASUREMENT', 'ur_PK'), ('GAZEBO_RESOURCE_PATH', '/usr/share/gazebo-11:/usr/share/gazebo-11:'), ('LC_IDENTIFICATION', 'ur_PK'), ('GAZEBO_MODEL_DATABASE_URI', 'http://models.gazebosim.org'), ('QT_IM_MODULE', 'ibus'), ('PWD', '/home/asad/turtlebot0/build/turtlebot3_gazebo'), ('TURTLEBOT3_MODEL', 'burger'), ('LC_ALL', 'en_US.UTF-8'), ('XDG_CONFIG_DIRS', '/etc/xdg/xdg-ubuntu:/etc/xdg'), ('GAZEBO_PLUGIN_PATH', '/usr/lib/x86_64-linux-gnu/gazebo-11/plugins:/usr/lib/x86_64-linux-gnu/gazebo-11/plugins:'), ('XDG_DATA_DIRS', '/usr/share/ubuntu:/usr/local/share/:/usr/share/:/var/lib/snapd/desktop'), ('PYTHONPATH', '/home/asad/turtlebot0/install/turtlebot_dqn/lib/python3.10/site-packages:/opt/ros/humble/lib/python3.10/site-packages:/opt/ros/humble/local/lib/python3.10/dist-packages'), ('LC_NUMERIC', 'ur_PK'), ('LC_PAPER', 'ur_PK'), ('COLCON', '1'), ('VTE_VERSION', '6800'), ('CMAKE_PREFIX_PATH', '/home/asad/turtlebot0/install/turtlebot3_simulations:/home/asad/turtlebot0/install/turtlebot3_gazebo:/home/asad/turtlebot0/install/turtlebot3_fake_node:/home/asad/turtlebot0/install/turtlebot_dqn:/opt/ros/humble')]), 'shell': False}
[116.859099] (turtlebot3_gazebo) StdoutLine: {'line': b'-- Install configuration: ""\n'}
[116.861358] (turtlebot3_gazebo) StdoutLine: {'line': b'-- Execute custom install script\n'}
[116.863810] (turtlebot3_gazebo) StdoutLine: {'line': b'-- Up-to-date symlink: /home/asad/turtlebot0/install/turtlebot3_gazebo/lib/turtlebot3_gazebo/turtlebot3_drive\n'}
[116.866447] (turtlebot3_gazebo) StdoutLine: {'line': b'-- Up-to-date symlink: /home/asad/turtlebot0/install/turtlebot3_gazebo/share/turtlebot3_gazebo//launch/empty_world.launch.py\n'}
[116.866994] (turtlebot3_gazebo) StdoutLine: {'line': b'-- Up-to-date symlink: /home/asad/turtlebot0/install/turtlebot3_gazebo/share/turtlebot3_gazebo//launch/robot_state_publisher.launch.py\n'}
[116.867382] (turtlebot3_gazebo) StdoutLine: {'line': b'-- Up-to-date symlink: /home/asad/turtlebot0/install/turtlebot3_gazebo/share/turtlebot3_gazebo//launch/spawn_turtlebot3.launch.py\n'}
[116.868611] (turtlebot3_gazebo) StdoutLine: {'line': b'-- Up-to-date symlink: /home/asad/turtlebot0/install/turtlebot3_gazebo/share/turtlebot3_gazebo//launch/turtlebot3_dqn_stage1.launch.py\n'}
[116.870158] (turtlebot3_gazebo) StdoutLine: {'line': b'-- Up-to-date symlink: /home/asad/turtlebot0/install/turtlebot3_gazebo/share/turtlebot3_gazebo//launch/turtlebot3_dqn_stage2.launch.py\n'}
[116.870479] (turtlebot3_gazebo) StdoutLine: {'line': b'-- Up-to-date symlink: /home/asad/turtlebot0/install/turtlebot3_gazebo/share/turtlebot3_gazebo//launch/turtlebot3_dqn_stage3.launch.py\n'}
[116.870922] (turtlebot3_gazebo) StdoutLine: {'line': b'-- Up-to-date symlink: /home/asad/turtlebot0/install/turtlebot3_gazebo/share/turtlebot3_gazebo//launch/turtlebot3_dqn_stage4.launch.py\n'}
[116.871297] (turtlebot3_gazebo) StdoutLine: {'line': b'-- Up-to-date symlink: /home/asad/turtlebot0/install/turtlebot3_gazebo/share/turtlebot3_gazebo//launch/turtlebot3_house.launch.py\n'}
[116.873198] (turtlebot3_gazebo) StdoutLine: {'line': b'-- Up-to-date symlink: /home/asad/turtlebot0/install/turtlebot3_gazebo/share/turtlebot3_gazebo//launch/turtlebot3_world.launch.py\n'}
[116.882169] (turtlebot3_gazebo) StdoutLine: {'line': b'-- Up-to-date symlink: /home/asad/turtlebot0/install/turtlebot3_gazebo/share/turtlebot3_gazebo//models/turtlebot3_burger/model-1_4.sdf\n'}
[116.882736] (turtlebot3_gazebo) StdoutLine: {'line': b'-- Up-to-date symlink: /home/asad/turtlebot0/install/turtlebot3_gazebo/share/turtlebot3_gazebo//models/turtlebot3_burger/model.config\n'}
[116.883079] (turtlebot3_gazebo) StdoutLine: {'line': b'-- Up-to-date symlink: /home/asad/turtlebot0/install/turtlebot3_gazebo/share/turtlebot3_gazebo//models/turtlebot3_burger/model.sdf\n'}
[116.884179] (turtlebot3_gazebo) StdoutLine: {'line': b'-- Up-to-date symlink: /home/asad/turtlebot0/install/turtlebot3_gazebo/share/turtlebot3_gazebo//models/turtlebot3_common/meshes/burger_base.dae\n'}
[116.885059] (turtlebot3_gazebo) StdoutLine: {'line': b'-- Up-to-date symlink: /home/asad/turtlebot0/install/turtlebot3_gazebo/share/turtlebot3_gazebo//models/turtlebot3_common/meshes/lds.dae\n'}
[116.885600] (turtlebot3_gazebo) StdoutLine: {'line': b'-- Up-to-date symlink: /home/asad/turtlebot0/install/turtlebot3_gazebo/share/turtlebot3_gazebo//models/turtlebot3_common/meshes/r200.dae\n'}
[116.886164] (turtlebot3_gazebo) StdoutLine: {'line': b'-- Up-to-date symlink: /home/asad/turtlebot0/install/turtlebot3_gazebo/share/turtlebot3_gazebo//models/turtlebot3_common/meshes/tire.dae\n'}
[116.886728] (turtlebot3_gazebo) StdoutLine: {'line': b'-- Up-to-date symlink: /home/asad/turtlebot0/install/turtlebot3_gazebo/share/turtlebot3_gazebo//models/turtlebot3_common/meshes/waffle_base.dae\n'}
[116.888785] (turtlebot3_gazebo) StdoutLine: {'line': b'-- Up-to-date symlink: /home/asad/turtlebot0/install/turtlebot3_gazebo/share/turtlebot3_gazebo//models/turtlebot3_common/meshes/waffle_pi_base.dae\n'}
[116.889166] (turtlebot3_gazebo) StdoutLine: {'line': b'-- Up-to-date symlink: /home/asad/turtlebot0/install/turtlebot3_gazebo/share/turtlebot3_gazebo//models/turtlebot3_common/model.config\n'}
[116.891596] (turtlebot3_gazebo) StdoutLine: {'line': b'-- Up-to-date symlink: /home/asad/turtlebot0/install/turtlebot3_gazebo/share/turtlebot3_gazebo//models/turtlebot3_dqn_world/goal_box/model.config\n'}
[116.892029] (-) TimerEvent: {}
[116.892391] (turtlebot3_gazebo) StdoutLine: {'line': b'-- Up-to-date symlink: /home/asad/turtlebot0/install/turtlebot3_gazebo/share/turtlebot3_gazebo//models/turtlebot3_dqn_world/goal_box/model.sdf\n'}
[116.893759] (turtlebot3_gazebo) StdoutLine: {'line': b'-- Up-to-date symlink: /home/asad/turtlebot0/install/turtlebot3_gazebo/share/turtlebot3_gazebo//models/turtlebot3_dqn_world/inner_walls/model.config\n'}
[116.894898] (turtlebot3_gazebo) StdoutLine: {'line': b'-- Up-to-date symlink: /home/asad/turtlebot0/install/turtlebot3_gazebo/share/turtlebot3_gazebo//models/turtlebot3_dqn_world/inner_walls/model.sdf\n'}
[116.895567] (turtlebot3_gazebo) StdoutLine: {'line': b'-- Up-to-date symlink: /home/asad/turtlebot0/install/turtlebot3_gazebo/share/turtlebot3_gazebo//models/turtlebot3_dqn_world/model.config\n'}
[116.896303] (turtlebot3_gazebo) StdoutLine: {'line': b'-- Up-to-date symlink: /home/asad/turtlebot0/install/turtlebot3_gazebo/share/turtlebot3_gazebo//models/turtlebot3_dqn_world/model.sdf\n'}
[116.897200] (turtlebot3_gazebo) StdoutLine: {'line': b'-- Up-to-date symlink: /home/asad/turtlebot0/install/turtlebot3_gazebo/share/turtlebot3_gazebo//models/turtlebot3_dqn_world/obstacle1/model.config\n'}
[116.898225] (turtlebot3_gazebo) StdoutLine: {'line': b'-- Up-to-date symlink: /home/asad/turtlebot0/install/turtlebot3_gazebo/share/turtlebot3_gazebo//models/turtlebot3_dqn_world/obstacle1/model.sdf\n'}
[116.899060] (turtlebot3_gazebo) StdoutLine: {'line': b'-- Up-to-date symlink: /home/asad/turtlebot0/install/turtlebot3_gazebo/share/turtlebot3_gazebo//models/turtlebot3_dqn_world/obstacle2/model.config\n'}
[116.900673] (turtlebot3_gazebo) StdoutLine: {'line': b'-- Up-to-date symlink: /home/asad/turtlebot0/install/turtlebot3_gazebo/share/turtlebot3_gazebo//models/turtlebot3_dqn_world/obstacle2/model.sdf\n'}
[116.901017] (turtlebot3_gazebo) StdoutLine: {'line': b'-- Up-to-date symlink: /home/asad/turtlebot0/install/turtlebot3_gazebo/share/turtlebot3_gazebo//models/turtlebot3_dqn_world/obstacle_plugin/CMakeLists.txt\n'}
[116.901470] (turtlebot3_gazebo) StdoutLine: {'line': b'-- Up-to-date symlink: /home/asad/turtlebot0/install/turtlebot3_gazebo/share/turtlebot3_gazebo//models/turtlebot3_dqn_world/obstacle_plugin/obstacle1.cc\n'}
[116.902282] (turtlebot3_gazebo) StdoutLine: {'line': b'-- Up-to-date symlink: /home/asad/turtlebot0/install/turtlebot3_gazebo/share/turtlebot3_gazebo//models/turtlebot3_dqn_world/obstacle_plugin/obstacle2.cc\n'}
[116.902913] (turtlebot3_gazebo) StdoutLine: {'line': b'-- Up-to-date symlink: /home/asad/turtlebot0/install/turtlebot3_gazebo/share/turtlebot3_gazebo//models/turtlebot3_dqn_world/obstacle_plugin/obstacles.cc\n'}
[116.904352] (turtlebot3_gazebo) StdoutLine: {'line': b'-- Up-to-date symlink: /home/asad/turtlebot0/install/turtlebot3_gazebo/share/turtlebot3_gazebo//models/turtlebot3_dqn_world/obstacles/model.config\n'}
[116.905648] (turtlebot3_gazebo) StdoutLine: {'line': b'-- Up-to-date symlink: /home/asad/turtlebot0/install/turtlebot3_gazebo/share/turtlebot3_gazebo//models/turtlebot3_dqn_world/obstacles/model.sdf\n'}
[116.906936] (turtlebot3_gazebo) StdoutLine: {'line': b'-- Up-to-date symlink: /home/asad/turtlebot0/install/turtlebot3_gazebo/share/turtlebot3_gazebo//models/turtlebot3_house/model.config\n'}
[116.907478] (turtlebot3_gazebo) StdoutLine: {'line': b'-- Up-to-date symlink: /home/asad/turtlebot0/install/turtlebot3_gazebo/share/turtlebot3_gazebo//models/turtlebot3_house/model.sdf\n'}
[116.908847] (turtlebot3_gazebo) StdoutLine: {'line': b'-- Up-to-date symlink: /home/asad/turtlebot0/install/turtlebot3_gazebo/share/turtlebot3_gazebo//models/turtlebot3_waffle/model-1_4.sdf\n'}
[116.909930] (turtlebot3_gazebo) StdoutLine: {'line': b'-- Up-to-date symlink: /home/asad/turtlebot0/install/turtlebot3_gazebo/share/turtlebot3_gazebo//models/turtlebot3_waffle/model.config\n'}
[116.911072] (turtlebot3_gazebo) StdoutLine: {'line': b'-- Up-to-date symlink: /home/asad/turtlebot0/install/turtlebot3_gazebo/share/turtlebot3_gazebo//models/turtlebot3_waffle/model.sdf\n'}
[116.912255] (turtlebot3_gazebo) StdoutLine: {'line': b'-- Up-to-date symlink: /home/asad/turtlebot0/install/turtlebot3_gazebo/share/turtlebot3_gazebo//models/turtlebot3_waffle_pi/model-1_4_.sdf\n'}
[116.913097] (turtlebot3_gazebo) StdoutLine: {'line': b'-- Up-to-date symlink: /home/asad/turtlebot0/install/turtlebot3_gazebo/share/turtlebot3_gazebo//models/turtlebot3_waffle_pi/model.config\n'}
[116.913731] (turtlebot3_gazebo) StdoutLine: {'line': b'-- Up-to-date symlink: /home/asad/turtlebot0/install/turtlebot3_gazebo/share/turtlebot3_gazebo//models/turtlebot3_waffle_pi/model.sdf\n'}
[116.914726] (turtlebot3_gazebo) StdoutLine: {'line': b'-- Up-to-date symlink: /home/asad/turtlebot0/install/turtlebot3_gazebo/share/turtlebot3_gazebo//models/turtlebot3_world/meshes/hexagon.dae\n'}
[116.915304] (turtlebot3_gazebo) StdoutLine: {'line': b'-- Up-to-date symlink: /home/asad/turtlebot0/install/turtlebot3_gazebo/share/turtlebot3_gazebo//models/turtlebot3_world/meshes/wall.dae\n'}
[116.915913] (turtlebot3_gazebo) StdoutLine: {'line': b'-- Up-to-date symlink: /home/asad/turtlebot0/install/turtlebot3_gazebo/share/turtlebot3_gazebo//models/turtlebot3_world/model-1_4.sdf\n'}
[116.916474] (turtlebot3_gazebo) StdoutLine: {'line': b'-- Up-to-date symlink: /home/asad/turtlebot0/install/turtlebot3_gazebo/share/turtlebot3_gazebo//models/turtlebot3_world/model.config\n'}
[116.917016] (turtlebot3_gazebo) StdoutLine: {'line': b'-- Up-to-date symlink: /home/asad/turtlebot0/install/turtlebot3_gazebo/share/turtlebot3_gazebo//models/turtlebot3_world/model.sdf\n'}
[116.918877] (turtlebot3_gazebo) StdoutLine: {'line': b'-- Up-to-date symlink: /home/asad/turtlebot0/install/turtlebot3_gazebo/share/turtlebot3_gazebo//rviz/tb3_gazebo.rviz\n'}
[116.922155] (turtlebot3_gazebo) StdoutLine: {'line': b'-- Up-to-date symlink: /home/asad/turtlebot0/install/turtlebot3_gazebo/share/turtlebot3_gazebo//urdf/common_properties.urdf\n'}
[116.922599] (turtlebot3_gazebo) StdoutLine: {'line': b'-- Up-to-date symlink: /home/asad/turtlebot0/install/turtlebot3_gazebo/share/turtlebot3_gazebo//urdf/turtlebot3_burger.urdf\n'}
[116.923350] (turtlebot3_gazebo) StdoutLine: {'line': b'-- Up-to-date symlink: /home/asad/turtlebot0/install/turtlebot3_gazebo/share/turtlebot3_gazebo//urdf/turtlebot3_waffle.urdf\n'}
[116.923669] (turtlebot3_gazebo) StdoutLine: {'line': b'-- Up-to-date symlink: /home/asad/turtlebot0/install/turtlebot3_gazebo/share/turtlebot3_gazebo//urdf/turtlebot3_waffle_pi.urdf\n'}
[116.928924] (turtlebot3_gazebo) StdoutLine: {'line': b'-- Up-to-date symlink: /home/asad/turtlebot0/install/turtlebot3_gazebo/share/turtlebot3_gazebo//worlds/empty_world.world\n'}
[116.929568] (turtlebot3_gazebo) StdoutLine: {'line': b'-- Up-to-date symlink: /home/asad/turtlebot0/install/turtlebot3_gazebo/share/turtlebot3_gazebo//worlds/turtlebot3_dqn_stage1.world\n'}
[116.930059] (turtlebot3_gazebo) StdoutLine: {'line': b'-- Up-to-date symlink: /home/asad/turtlebot0/install/turtlebot3_gazebo/share/turtlebot3_gazebo//worlds/turtlebot3_dqn_stage2.world\n'}
[116.930798] (turtlebot3_gazebo) StdoutLine: {'line': b'-- Up-to-date symlink: /home/asad/turtlebot0/install/turtlebot3_gazebo/share/turtlebot3_gazebo//worlds/turtlebot3_dqn_stage3.world\n'}
[116.931562] (turtlebot3_gazebo) StdoutLine: {'line': b'-- Up-to-date symlink: /home/asad/turtlebot0/install/turtlebot3_gazebo/share/turtlebot3_gazebo//worlds/turtlebot3_dqn_stage4.world\n'}
[116.932071] (turtlebot3_gazebo) StdoutLine: {'line': b'-- Up-to-date symlink: /home/asad/turtlebot0/install/turtlebot3_gazebo/share/turtlebot3_gazebo//worlds/turtlebot3_house.world\n'}
[116.933191] (turtlebot3_gazebo) StdoutLine: {'line': b'-- Up-to-date symlink: /home/asad/turtlebot0/install/turtlebot3_gazebo/share/turtlebot3_gazebo//worlds/turtlebot3_world.world\n'}
[116.936289] (turtlebot3_gazebo) StdoutLine: {'line': b'-- Up-to-date symlink: /home/asad/turtlebot0/install/turtlebot3_gazebo/include//turtlebot3_gazebo/turtlebot3_drive.hpp\n'}
[116.939435] (turtlebot3_gazebo) StdoutLine: {'line': b'-- Up-to-date symlink: /home/asad/turtlebot0/install/turtlebot3_gazebo/share/ament_index/resource_index/package_run_dependencies/turtlebot3_gazebo\n'}
[116.942403] (turtlebot3_gazebo) StdoutLine: {'line': b'-- Up-to-date symlink: /home/asad/turtlebot0/install/turtlebot3_gazebo/share/ament_index/resource_index/parent_prefix_path/turtlebot3_gazebo\n'}
[116.943783] (turtlebot3_gazebo) StdoutLine: {'line': b'-- Up-to-date symlink: /home/asad/turtlebot0/install/turtlebot3_gazebo/share/turtlebot3_gazebo/environment/ament_prefix_path.sh\n'}
[116.944963] (turtlebot3_gazebo) StdoutLine: {'line': b'-- Up-to-date symlink: /home/asad/turtlebot0/install/turtlebot3_gazebo/share/turtlebot3_gazebo/environment/ament_prefix_path.dsv\n'}
[116.945953] (turtlebot3_gazebo) StdoutLine: {'line': b'-- Up-to-date symlink: /home/asad/turtlebot0/install/turtlebot3_gazebo/share/turtlebot3_gazebo/environment/path.sh\n'}
[116.947024] (turtlebot3_gazebo) StdoutLine: {'line': b'-- Up-to-date symlink: /home/asad/turtlebot0/install/turtlebot3_gazebo/share/turtlebot3_gazebo/environment/path.dsv\n'}
[116.947657] (turtlebot3_gazebo) StdoutLine: {'line': b'-- Up-to-date symlink: /home/asad/turtlebot0/install/turtlebot3_gazebo/share/turtlebot3_gazebo/local_setup.bash\n'}
[116.948342] (turtlebot3_gazebo) StdoutLine: {'line': b'-- Up-to-date symlink: /home/asad/turtlebot0/install/turtlebot3_gazebo/share/turtlebot3_gazebo/local_setup.sh\n'}
[116.949133] (turtlebot3_gazebo) StdoutLine: {'line': b'-- Up-to-date symlink: /home/asad/turtlebot0/install/turtlebot3_gazebo/share/turtlebot3_gazebo/local_setup.zsh\n'}
[116.949936] (turtlebot3_gazebo) StdoutLine: {'line': b'-- Up-to-date symlink: /home/asad/turtlebot0/install/turtlebot3_gazebo/share/turtlebot3_gazebo/local_setup.dsv\n'}
[116.950424] (turtlebot3_gazebo) StdoutLine: {'line': b'-- Symlinking: /home/asad/turtlebot0/install/turtlebot3_gazebo/share/turtlebot3_gazebo/package.dsv\n'}
[116.978767] (turtlebot3_gazebo) StdoutLine: {'line': b'-- Up-to-date symlink: /home/asad/turtlebot0/install/turtlebot3_gazebo/share/ament_index/resource_index/packages/turtlebot3_gazebo\n'}
[116.980133] (turtlebot3_gazebo) StdoutLine: {'line': b'-- Up-to-date symlink: /home/asad/turtlebot0/install/turtlebot3_gazebo/share/turtlebot3_gazebo/cmake/ament_cmake_export_include_directories-extras.cmake\n'}
[116.981688] (turtlebot3_gazebo) StdoutLine: {'line': b'-- Up-to-date symlink: /home/asad/turtlebot0/install/turtlebot3_gazebo/share/turtlebot3_gazebo/cmake/ament_cmake_export_dependencies-extras.cmake\n'}
[116.982353] (turtlebot3_gazebo) StdoutLine: {'line': b'-- Up-to-date symlink: /home/asad/turtlebot0/install/turtlebot3_gazebo/share/turtlebot3_gazebo/cmake/turtlebot3_gazeboConfig.cmake\n'}
[116.983084] (turtlebot3_gazebo) StdoutLine: {'line': b'-- Up-to-date symlink: /home/asad/turtlebot0/install/turtlebot3_gazebo/share/turtlebot3_gazebo/cmake/turtlebot3_gazeboConfig-version.cmake\n'}
[116.983883] (turtlebot3_gazebo) StdoutLine: {'line': b'-- Up-to-date symlink: /home/asad/turtlebot0/install/turtlebot3_gazebo/share/turtlebot3_gazebo/package.xml\n'}
[116.990634] (turtlebot3_gazebo) CommandEnded: {'returncode': 0}
[116.992638] (-) TimerEvent: {}
[117.045772] (turtlebot3_gazebo) JobEnded: {'identifier': 'turtlebot3_gazebo', 'rc': 0}
[117.048465] (turtlebot3_simulations) JobStarted: {'identifier': 'turtlebot3_simulations'}
[117.076210] (turtlebot3_simulations) JobProgress: {'identifier': 'turtlebot3_simulations', 'progress': 'cmake'}
[117.078843] (turtlebot3_simulations) JobProgress: {'identifier': 'turtlebot3_simulations', 'progress': 'build'}
[117.080899] (turtlebot3_simulations) Command: {'cmd': ['/usr/bin/cmake', '--build', '/home/asad/turtlebot0/build/turtlebot3_simulations', '--', '-j4', '-l4'], 'cwd': '/home/asad/turtlebot0/build/turtlebot3_simulations', 'env': OrderedDict([('LESSOPEN', '| /usr/bin/lesspipe %s'), ('USER', 'asad'), ('LC_TIME', 'ur_PK'), ('XDG_SESSION_TYPE', 'wayland'), ('SHLVL', '1'), ('LD_LIBRARY_PATH', '/usr/lib/x86_64-linux-gnu/gazebo-11/plugins:/opt/ros/humble/opt/rviz_ogre_vendor/lib:/opt/ros/humble/lib/x86_64-linux-gnu:/opt/ros/humble/lib:/usr/lib/x86_64-linux-gnu/gazebo-11/plugins::/usr/lib/x86_64-linux-gnu/gazebo-11/plugins:/usr/lib/x86_64-linux-gnu/gazebo-11/plugins:'), ('HOME', '/home/asad'), ('OLDPWD', '/home/asad'), ('DESKTOP_SESSION', 'ubuntu'), ('GAZEBO_MASTER_URI', 'http://localhost:11345'), ('ROS_PYTHON_VERSION', '3'), ('GNOME_SHELL_SESSION_MODE', 'ubuntu'), ('GTK_MODULES', 'gail:atk-bridge'), ('LC_MONETARY', 'ur_PK'), ('SYSTEMD_EXEC_PID', '7112'), ('DBUS_SESSION_BUS_ADDRESS', 'unix:path=/run/user/1000/bus'), ('COLORTERM', 'truecolor'), ('IM_CONFIG_PHASE', '1'), ('WAYLAND_DISPLAY', 'wayland-0'), ('COLCON_PREFIX_PATH', '/home/asad/turtlebot0/install'), ('ROS_DISTRO', 'humble'), ('LOGNAME', 'asad'), ('_', '/usr/bin/colcon'), ('ROS_VERSION', '2'), ('XDG_SESSION_CLASS', 'user'), ('USERNAME', 'asad'), ('TERM', 'xterm-256color'), ('GAZEBO_MODEL_PATH', '/usr/share/gazebo-11/models:/usr/share/gazebo-11/models:'), ('GNOME_DESKTOP_SESSION_ID', 'this-is-deprecated'), ('ROS_LOCALHOST_ONLY', '0'), ('OGRE_RESOURCE_PATH', '/usr/lib/x86_64-linux-gnu/OGRE-1.9.0'), ('PATH', '/opt/ros/humble/bin:/home/asad/.local/bin:/usr/local/sbin:/usr/local/bin:/usr/sbin:/usr/bin:/sbin:/bin:/usr/games:/usr/local/games:/snap/bin:/snap/bin'), ('SESSION_MANAGER', 'local/asad-7G-Series:@/tmp/.ICE-unix/1375,unix/asad-7G-Series:/tmp/.ICE-unix/1375'), ('XDG_MENU_PREFIX', 'gnome-'), ('LC_ADDRESS', 'ur_PK'), ('GNOME_TERMINAL_SCREEN', '/org/gnome/Terminal/screen/77e9e29f_050e_41c6_98d6_fbaabbc9cb12'), ('GNOME_SETUP_DISPLAY', ':1'), ('XDG_RUNTIME_DIR', '/run/user/1000'), ('DISPLAY', ':0'), ('LANG', 'en_US.UTF-8'), ('XDG_CURRENT_DESKTOP', 'ubuntu:GNOME'), ('LC_TELEPHONE', 'ur_PK'), ('XMODIFIERS', '@im=ibus'), ('XDG_SESSION_DESKTOP', 'ubuntu'), ('XAUTHORITY', '/run/user/1000/.mutter-Xwaylandauth.7R9U52'), ('LS_COLORS', 'rs=0:di=01;34:ln=01;36:mh=00:pi=40;33:so=01;35:do=01;35:bd=40;33;01:cd=40;33;01:or=40;31;01:mi=00:su=37;41:sg=30;43:ca=30;41:tw=30;42:ow=34;42:st=37;44:ex=01;32:*.tar=01;31:*.tgz=01;31:*.arc=01;31:*.arj=01;31:*.taz=01;31:*.lha=01;31:*.lz4=01;31:*.lzh=01;31:*.lzma=01;31:*.tlz=01;31:*.txz=01;31:*.tzo=01;31:*.t7z=01;31:*.zip=01;31:*.z=01;31:*.dz=01;31:*.gz=01;31:*.lrz=01;31:*.lz=01;31:*.lzo=01;31:*.xz=01;31:*.zst=01;31:*.tzst=01;31:*.bz2=01;31:*.bz=01;31:*.tbz=01;31:*.tbz2=01;31:*.tz=01;31:*.deb=01;31:*.rpm=01;31:*.jar=01;31:*.war=01;31:*.ear=01;31:*.sar=01;31:*.rar=01;31:*.alz=01;31:*.ace=01;31:*.zoo=01;31:*.cpio=01;31:*.7z=01;31:*.rz=01;31:*.cab=01;31:*.wim=01;31:*.swm=01;31:*.dwm=01;31:*.esd=01;31:*.jpg=01;35:*.jpeg=01;35:*.mjpg=01;35:*.mjpeg=01;35:*.gif=01;35:*.bmp=01;35:*.pbm=01;35:*.pgm=01;35:*.ppm=01;35:*.tga=01;35:*.xbm=01;35:*.xpm=01;35:*.tif=01;35:*.tiff=01;35:*.png=01;35:*.svg=01;35:*.svgz=01;35:*.mng=01;35:*.pcx=01;35:*.mov=01;35:*.mpg=01;35:*.mpeg=01;35:*.m2v=01;35:*.mkv=01;35:*.webm=01;35:*.webp=01;35:*.ogm=01;35:*.mp4=01;35:*.m4v=01;35:*.mp4v=01;35:*.vob=01;35:*.qt=01;35:*.nuv=01;35:*.wmv=01;35:*.asf=01;35:*.rm=01;35:*.rmvb=01;35:*.flc=01;35:*.avi=01;35:*.fli=01;35:*.flv=01;35:*.gl=01;35:*.dl=01;35:*.xcf=01;35:*.xwd=01;35:*.yuv=01;35:*.cgm=01;35:*.emf=01;35:*.ogv=01;35:*.ogx=01;35:*.aac=00;36:*.au=00;36:*.flac=00;36:*.m4a=00;36:*.mid=00;36:*.midi=00;36:*.mka=00;36:*.mp3=00;36:*.mpc=00;36:*.ogg=00;36:*.ra=00;36:*.wav=00;36:*.oga=00;36:*.opus=00;36:*.spx=00;36:*.xspf=00;36:'), ('GNOME_TERMINAL_SERVICE', ':1.140'), ('SSH_AGENT_LAUNCHER', 'gnome-keyring'), ('SSH_AUTH_SOCK', '/run/user/1000/keyring/ssh'), ('AMENT_PREFIX_PATH', '/home/asad/turtlebot0/install/turtlebot_dqn:/home/asad/turtlebot0/install/turtlebot3_simulations:/home/asad/turtlebot0/install/turtlebot3_gazebo:/home/asad/turtlebot0/install/turtlebot3_fake_node:/opt/ros/humble'), ('SHELL', '/bin/bash'), ('LC_NAME', 'ur_PK'), ('QT_ACCESSIBILITY', '1'), ('GDMSESSION', 'ubuntu'), ('LESSCLOSE', '/usr/bin/lesspipe %s %s'), ('LC_MEASUREMENT', 'ur_PK'), ('GAZEBO_RESOURCE_PATH', '/usr/share/gazebo-11:/usr/share/gazebo-11:'), ('LC_IDENTIFICATION', 'ur_PK'), ('GAZEBO_MODEL_DATABASE_URI', 'http://models.gazebosim.org'), ('QT_IM_MODULE', 'ibus'), ('PWD', '/home/asad/turtlebot0/build/turtlebot3_simulations'), ('TURTLEBOT3_MODEL', 'burger'), ('LC_ALL', 'en_US.UTF-8'), ('XDG_CONFIG_DIRS', '/etc/xdg/xdg-ubuntu:/etc/xdg'), ('GAZEBO_PLUGIN_PATH', '/usr/lib/x86_64-linux-gnu/gazebo-11/plugins:/usr/lib/x86_64-linux-gnu/gazebo-11/plugins:'), ('XDG_DATA_DIRS', '/usr/share/ubuntu:/usr/local/share/:/usr/share/:/var/lib/snapd/desktop'), ('PYTHONPATH', '/home/asad/turtlebot0/install/turtlebot_dqn/lib/python3.10/site-packages:/opt/ros/humble/lib/python3.10/site-packages:/opt/ros/humble/local/lib/python3.10/dist-packages'), ('LC_NUMERIC', 'ur_PK'), ('LC_PAPER', 'ur_PK'), ('COLCON', '1'), ('VTE_VERSION', '6800'), ('CMAKE_PREFIX_PATH', '/home/asad/turtlebot0/install/turtlebot3_gazebo:/home/asad/turtlebot0/install/turtlebot3_fake_node:/home/asad/turtlebot0/install/turtlebot3_simulations:/home/asad/turtlebot0/install/turtlebot_dqn:/opt/ros/humble')]), 'shell': False}
[117.092789] (-) TimerEvent: {}
[117.187329] (turtlebot3_simulations) StdoutLine: {'line': b'-- Found ament_cmake: 1.3.11 (/opt/ros/humble/share/ament_cmake/cmake)\n'}
[117.192924] (-) TimerEvent: {}
[117.293436] (-) TimerEvent: {}
[117.393956] (-) TimerEvent: {}
[117.494415] (-) TimerEvent: {}
[117.595052] (-) TimerEvent: {}
[117.652725] (turtlebot3_simulations) StdoutLine: {'line': b'-- Override CMake install command with custom implementation using symlinks instead of copying resources\n'}
[117.695342] (-) TimerEvent: {}
[117.796006] (-) TimerEvent: {}
[117.896480] (-) TimerEvent: {}
[117.945070] (turtlebot3_simulations) StdoutLine: {'line': b'-- Configuring done\n'}
[117.959947] (turtlebot3_simulations) StdoutLine: {'line': b'-- Generating done\n'}
[117.966687] (turtlebot3_simulations) StdoutLine: {'line': b'-- Build files have been written to: /home/asad/turtlebot0/build/turtlebot3_simulations\n'}
[117.996631] (-) TimerEvent: {}
[118.034917] (turtlebot3_simulations) CommandEnded: {'returncode': 0}
[118.037095] (turtlebot3_simulations) JobProgress: {'identifier': 'turtlebot3_simulations', 'progress': 'install'}
[118.039324] (turtlebot3_simulations) Command: {'cmd': ['/usr/bin/cmake', '--install', '/home/asad/turtlebot0/build/turtlebot3_simulations'], 'cwd': '/home/asad/turtlebot0/build/turtlebot3_simulations', 'env': OrderedDict([('LESSOPEN', '| /usr/bin/lesspipe %s'), ('USER', 'asad'), ('LC_TIME', 'ur_PK'), ('XDG_SESSION_TYPE', 'wayland'), ('SHLVL', '1'), ('LD_LIBRARY_PATH', '/usr/lib/x86_64-linux-gnu/gazebo-11/plugins:/opt/ros/humble/opt/rviz_ogre_vendor/lib:/opt/ros/humble/lib/x86_64-linux-gnu:/opt/ros/humble/lib:/usr/lib/x86_64-linux-gnu/gazebo-11/plugins::/usr/lib/x86_64-linux-gnu/gazebo-11/plugins:/usr/lib/x86_64-linux-gnu/gazebo-11/plugins:'), ('HOME', '/home/asad'), ('OLDPWD', '/home/asad'), ('DESKTOP_SESSION', 'ubuntu'), ('GAZEBO_MASTER_URI', 'http://localhost:11345'), ('ROS_PYTHON_VERSION', '3'), ('GNOME_SHELL_SESSION_MODE', 'ubuntu'), ('GTK_MODULES', 'gail:atk-bridge'), ('LC_MONETARY', 'ur_PK'), ('SYSTEMD_EXEC_PID', '7112'), ('DBUS_SESSION_BUS_ADDRESS', 'unix:path=/run/user/1000/bus'), ('COLORTERM', 'truecolor'), ('IM_CONFIG_PHASE', '1'), ('WAYLAND_DISPLAY', 'wayland-0'), ('COLCON_PREFIX_PATH', '/home/asad/turtlebot0/install'), ('ROS_DISTRO', 'humble'), ('LOGNAME', 'asad'), ('_', '/usr/bin/colcon'), ('ROS_VERSION', '2'), ('XDG_SESSION_CLASS', 'user'), ('USERNAME', 'asad'), ('TERM', 'xterm-256color'), ('GAZEBO_MODEL_PATH', '/usr/share/gazebo-11/models:/usr/share/gazebo-11/models:'), ('GNOME_DESKTOP_SESSION_ID', 'this-is-deprecated'), ('ROS_LOCALHOST_ONLY', '0'), ('OGRE_RESOURCE_PATH', '/usr/lib/x86_64-linux-gnu/OGRE-1.9.0'), ('PATH', '/opt/ros/humble/bin:/home/asad/.local/bin:/usr/local/sbin:/usr/local/bin:/usr/sbin:/usr/bin:/sbin:/bin:/usr/games:/usr/local/games:/snap/bin:/snap/bin'), ('SESSION_MANAGER', 'local/asad-7G-Series:@/tmp/.ICE-unix/1375,unix/asad-7G-Series:/tmp/.ICE-unix/1375'), ('XDG_MENU_PREFIX', 'gnome-'), ('LC_ADDRESS', 'ur_PK'), ('GNOME_TERMINAL_SCREEN', '/org/gnome/Terminal/screen/77e9e29f_050e_41c6_98d6_fbaabbc9cb12'), ('GNOME_SETUP_DISPLAY', ':1'), ('XDG_RUNTIME_DIR', '/run/user/1000'), ('DISPLAY', ':0'), ('LANG', 'en_US.UTF-8'), ('XDG_CURRENT_DESKTOP', 'ubuntu:GNOME'), ('LC_TELEPHONE', 'ur_PK'), ('XMODIFIERS', '@im=ibus'), ('XDG_SESSION_DESKTOP', 'ubuntu'), ('XAUTHORITY', '/run/user/1000/.mutter-Xwaylandauth.7R9U52'), ('LS_COLORS', 'rs=0:di=01;34:ln=01;36:mh=00:pi=40;33:so=01;35:do=01;35:bd=40;33;01:cd=40;33;01:or=40;31;01:mi=00:su=37;41:sg=30;43:ca=30;41:tw=30;42:ow=34;42:st=37;44:ex=01;32:*.tar=01;31:*.tgz=01;31:*.arc=01;31:*.arj=01;31:*.taz=01;31:*.lha=01;31:*.lz4=01;31:*.lzh=01;31:*.lzma=01;31:*.tlz=01;31:*.txz=01;31:*.tzo=01;31:*.t7z=01;31:*.zip=01;31:*.z=01;31:*.dz=01;31:*.gz=01;31:*.lrz=01;31:*.lz=01;31:*.lzo=01;31:*.xz=01;31:*.zst=01;31:*.tzst=01;31:*.bz2=01;31:*.bz=01;31:*.tbz=01;31:*.tbz2=01;31:*.tz=01;31:*.deb=01;31:*.rpm=01;31:*.jar=01;31:*.war=01;31:*.ear=01;31:*.sar=01;31:*.rar=01;31:*.alz=01;31:*.ace=01;31:*.zoo=01;31:*.cpio=01;31:*.7z=01;31:*.rz=01;31:*.cab=01;31:*.wim=01;31:*.swm=01;31:*.dwm=01;31:*.esd=01;31:*.jpg=01;35:*.jpeg=01;35:*.mjpg=01;35:*.mjpeg=01;35:*.gif=01;35:*.bmp=01;35:*.pbm=01;35:*.pgm=01;35:*.ppm=01;35:*.tga=01;35:*.xbm=01;35:*.xpm=01;35:*.tif=01;35:*.tiff=01;35:*.png=01;35:*.svg=01;35:*.svgz=01;35:*.mng=01;35:*.pcx=01;35:*.mov=01;35:*.mpg=01;35:*.mpeg=01;35:*.m2v=01;35:*.mkv=01;35:*.webm=01;35:*.webp=01;35:*.ogm=01;35:*.mp4=01;35:*.m4v=01;35:*.mp4v=01;35:*.vob=01;35:*.qt=01;35:*.nuv=01;35:*.wmv=01;35:*.asf=01;35:*.rm=01;35:*.rmvb=01;35:*.flc=01;35:*.avi=01;35:*.fli=01;35:*.flv=01;35:*.gl=01;35:*.dl=01;35:*.xcf=01;35:*.xwd=01;35:*.yuv=01;35:*.cgm=01;35:*.emf=01;35:*.ogv=01;35:*.ogx=01;35:*.aac=00;36:*.au=00;36:*.flac=00;36:*.m4a=00;36:*.mid=00;36:*.midi=00;36:*.mka=00;36:*.mp3=00;36:*.mpc=00;36:*.ogg=00;36:*.ra=00;36:*.wav=00;36:*.oga=00;36:*.opus=00;36:*.spx=00;36:*.xspf=00;36:'), ('GNOME_TERMINAL_SERVICE', ':1.140'), ('SSH_AGENT_LAUNCHER', 'gnome-keyring'), ('SSH_AUTH_SOCK', '/run/user/1000/keyring/ssh'), ('AMENT_PREFIX_PATH', '/home/asad/turtlebot0/install/turtlebot_dqn:/home/asad/turtlebot0/install/turtlebot3_simulations:/home/asad/turtlebot0/install/turtlebot3_gazebo:/home/asad/turtlebot0/install/turtlebot3_fake_node:/opt/ros/humble'), ('SHELL', '/bin/bash'), ('LC_NAME', 'ur_PK'), ('QT_ACCESSIBILITY', '1'), ('GDMSESSION', 'ubuntu'), ('LESSCLOSE', '/usr/bin/lesspipe %s %s'), ('LC_MEASUREMENT', 'ur_PK'), ('GAZEBO_RESOURCE_PATH', '/usr/share/gazebo-11:/usr/share/gazebo-11:'), ('LC_IDENTIFICATION', 'ur_PK'), ('GAZEBO_MODEL_DATABASE_URI', 'http://models.gazebosim.org'), ('QT_IM_MODULE', 'ibus'), ('PWD', '/home/asad/turtlebot0/build/turtlebot3_simulations'), ('TURTLEBOT3_MODEL', 'burger'), ('LC_ALL', 'en_US.UTF-8'), ('XDG_CONFIG_DIRS', '/etc/xdg/xdg-ubuntu:/etc/xdg'), ('GAZEBO_PLUGIN_PATH', '/usr/lib/x86_64-linux-gnu/gazebo-11/plugins:/usr/lib/x86_64-linux-gnu/gazebo-11/plugins:'), ('XDG_DATA_DIRS', '/usr/share/ubuntu:/usr/local/share/:/usr/share/:/var/lib/snapd/desktop'), ('PYTHONPATH', '/home/asad/turtlebot0/install/turtlebot_dqn/lib/python3.10/site-packages:/opt/ros/humble/lib/python3.10/site-packages:/opt/ros/humble/local/lib/python3.10/dist-packages'), ('LC_NUMERIC', 'ur_PK'), ('LC_PAPER', 'ur_PK'), ('COLCON', '1'), ('VTE_VERSION', '6800'), ('CMAKE_PREFIX_PATH', '/home/asad/turtlebot0/install/turtlebot3_gazebo:/home/asad/turtlebot0/install/turtlebot3_fake_node:/home/asad/turtlebot0/install/turtlebot3_simulations:/home/asad/turtlebot0/install/turtlebot_dqn:/opt/ros/humble')]), 'shell': False}
[118.060993] (turtlebot3_simulations) StdoutLine: {'line': b'-- Install configuration: ""\n'}
[118.063462] (turtlebot3_simulations) StdoutLine: {'line': b'-- Execute custom install script\n'}
[118.064683] (turtlebot3_simulations) StdoutLine: {'line': b'-- Up-to-date symlink: /home/asad/turtlebot0/install/turtlebot3_simulations/share/ament_index/resource_index/package_run_dependencies/turtlebot3_simulations\n'}
[118.065868] (turtlebot3_simulations) StdoutLine: {'line': b'-- Up-to-date symlink: /home/asad/turtlebot0/install/turtlebot3_simulations/share/ament_index/resource_index/parent_prefix_path/turtlebot3_simulations\n'}
[118.066813] (turtlebot3_simulations) StdoutLine: {'line': b'-- Up-to-date symlink: /home/asad/turtlebot0/install/turtlebot3_simulations/share/turtlebot3_simulations/environment/ament_prefix_path.sh\n'}
[118.067551] (turtlebot3_simulations) StdoutLine: {'line': b'-- Up-to-date symlink: /home/asad/turtlebot0/install/turtlebot3_simulations/share/turtlebot3_simulations/environment/ament_prefix_path.dsv\n'}
[118.068297] (turtlebot3_simulations) StdoutLine: {'line': b'-- Up-to-date symlink: /home/asad/turtlebot0/install/turtlebot3_simulations/share/turtlebot3_simulations/environment/path.sh\n'}
[118.069106] (turtlebot3_simulations) StdoutLine: {'line': b'-- Up-to-date symlink: /home/asad/turtlebot0/install/turtlebot3_simulations/share/turtlebot3_simulations/environment/path.dsv\n'}
[118.069789] (turtlebot3_simulations) StdoutLine: {'line': b'-- Up-to-date symlink: /home/asad/turtlebot0/install/turtlebot3_simulations/share/turtlebot3_simulations/local_setup.bash\n'}
[118.070522] (turtlebot3_simulations) StdoutLine: {'line': b'-- Up-to-date symlink: /home/asad/turtlebot0/install/turtlebot3_simulations/share/turtlebot3_simulations/local_setup.sh\n'}
[118.071225] (turtlebot3_simulations) StdoutLine: {'line': b'-- Up-to-date symlink: /home/asad/turtlebot0/install/turtlebot3_simulations/share/turtlebot3_simulations/local_setup.zsh\n'}
[118.071942] (turtlebot3_simulations) StdoutLine: {'line': b'-- Up-to-date symlink: /home/asad/turtlebot0/install/turtlebot3_simulations/share/turtlebot3_simulations/local_setup.dsv\n'}
[118.072690] (turtlebot3_simulations) StdoutLine: {'line': b'-- Symlinking: /home/asad/turtlebot0/install/turtlebot3_simulations/share/turtlebot3_simulations/package.dsv\n'}
[118.096792] (-) TimerEvent: {}
[118.100882] (turtlebot3_simulations) StdoutLine: {'line': b'-- Up-to-date symlink: /home/asad/turtlebot0/install/turtlebot3_simulations/share/ament_index/resource_index/packages/turtlebot3_simulations\n'}
[118.102958] (turtlebot3_simulations) StdoutLine: {'line': b'-- Up-to-date symlink: /home/asad/turtlebot0/install/turtlebot3_simulations/share/turtlebot3_simulations/cmake/turtlebot3_simulationsConfig.cmake\n'}
[118.103662] (turtlebot3_simulations) StdoutLine: {'line': b'-- Up-to-date symlink: /home/asad/turtlebot0/install/turtlebot3_simulations/share/turtlebot3_simulations/cmake/turtlebot3_simulationsConfig-version.cmake\n'}
[118.104296] (turtlebot3_simulations) StdoutLine: {'line': b'-- Up-to-date symlink: /home/asad/turtlebot0/install/turtlebot3_simulations/share/turtlebot3_simulations/package.xml\n'}
[118.109656] (turtlebot3_simulations) CommandEnded: {'returncode': 0}
[118.155196] (turtlebot3_simulations) JobEnded: {'identifier': 'turtlebot3_simulations', 'rc': 0}
[118.159266] (-) EventReactorShutdown: {}
